home,home_score,away,away_score,week,type,round,date,status
Wadley,46,Horseshoe Bend,13,0,regular,,2026-08-20,final
Thorsby,46,Jemison,20,0,regular,,2026-08-20,final
Childersburg,35,BB Comer,6,0,regular,,2026-08-20,final
Tanner,33,Elkmont,0,0,regular,,2026-08-21,final
Pisgah,0,Randolph,47,0,regular,,2026-08-20,final
Talladega,29,Lincoln,36,0,regular,,2026-08-20,final
Oakman,7,Cordova,48,0,regular,,2026-08-20,final
Etowah,0,Cleburne County,21,0,regular,,2026-08-20,final
Susan Moore,0,Cleveland,37,0,regular,,2026-08-20,final
Carroll,31,Rehobeth,24,0,regular,,2026-08-20,final
Greenville,44,Hillcrest-Evergreen,20,0,regular,,2026-08-20,final
Ardmore,27,East Limestone,26,0,regular,,2026-08-21,final
Spanish Fort,18,Daphne,15,0,regular,,2026-08-20,final
Ramsay,35,Jackson-Olin,13,0,regular,,2026-08-20,final
Gardendale,7,St. Clair County,34,0,regular,,2026-08-20,final
Huffman,41,Hazel Green,3,0,regular,,2026-08-20,final
Vestavia Hills,32,Parker,14,0,regular,,2026-08-20,final
Grissom,,North Jackson,,0,regular,,2026-08-20,scheduled
Trinity,26,Bibb County,16,0,regular,,2026-08-20,final
Hope Christian,48,Donoho,7,0,regular,,2026-08-20,final
Whitesburg Christian,35,St. John Paul II,0,0,regular,,2026-08-20,final
American Christian,28,Northridge,14,0,regular,,2026-08-20,final
Marengo,0,JU Blacksher,3,0,regular,,2026-08-21,final
Millry,0,Cottage Hill Christian,53,0,regular,,2026-08-21,final
Washington County,0,Clarke County,29,0,regular,,2026-08-21,final
Abbeville,6,Headland,41,0,regular,,2026-08-21,final
Florala,35,Georgiana,19,0,regular,,2026-08-21,final
Zion Chapel,6,Kinston,37,0,regular,,2026-08-21,final
Linden,30,Excel,8,0,regular,,2026-08-21,final
Central-Hayneville,36,Notasulga,10,0,regular,,2026-08-21,final
Berry,22,Hale County,42,0,regular,,2026-08-21,final
Fayetteville,12,Central-Coosa,18,0,regular,,2026-08-21,final
Loachapoka,40,Lanett,20,0,regular,,2026-08-21,final
Winterboro,28,Vincent,15,0,regular,,2026-08-21,final
Red Bay,36,Phil Campbell,20,0,regular,,2026-08-21,final
Ragland,21,Victory Christian,43,0,regular,,2026-08-21,final
Woodville,48,Belgreen,8,0,regular,,2026-08-21,final
Chickasaw,20,Satsuma,44,0,regular,,2026-08-21,final
Thomasville,22,Leroy,21,0,regular,,2026-08-21,final
Ariton,,"Blountstown, FL",,0,regular,,"Aug. 21, 2026",scheduled
Houston County,0,Ashford,47,0,regular,,2026-08-21,final
Aliceville,39,Pickens County,0,0,regular,,2026-08-21,final
Dallas County,40,Breakthrough Charter,8,0,regular,,2026-08-21,final
Sumter Central,6,Choctaw County,50,0,regular,,2026-08-21,final
Dadeville,46,St. James,13,0,regular,,2026-08-21,final
Randolph County,14,Woodland,28,0,regular,,2026-08-21,final
Gordo,33,Fayette County,27,0,regular,,2026-08-21,final
Locust Fork,20,Appalachian,43,0,regular,,2026-08-21,final
Ohatchee,,New Hope,,0,regular,,2026-08-21,scheduled
Piedmont,8,Jacksonville,34,0,regular,,2026-08-21,final
Walter Wellborn,53,Weaver,0,0,regular,,2026-08-21,final
West End,15,Cedar Bluff,20,0,regular,,2026-08-21,final
Sheffield,0,Haleyville,49,0,regular,,2026-08-21,final
Winston County,0,Addison,48,0,regular,,2026-08-21,final
Ider,34,Valley Head,0,0,regular,,2026-08-20,final
North Sand Mountain,23,Southeastern,7,0,regular,,2026-08-21,final
Jackson,13,Citronelle,22,0,regular,,2026-08-21,final
TR Miller,14,Orange Beach,24,0,regular,,2026-08-21,final
WS Neal,10,Bullock County,20,0,regular,,2026-08-21,final
Wilcox Central,22,JF Shields,12,0,regular,,2026-08-21,final
Beulah,47,LaFayette,31,0,regular,,2026-08-21,final
Geneva,34,Geneva County,28,0,regular,,2026-08-21,final
Pike County,14,Luverne,52,0,regular,,2026-08-21,final
Wicksburg,25,Elba,16,0,regular,,2026-08-21,final
Corner,42,Dora,0,0,regular,,2026-08-21,final
Tarrant,7,Montevallo,33,0,regular,,2026-08-21,final
Curry,42,Meek,14,0,regular,,2026-08-21,final
Hanceville,28,Carbon Hill,59,0,regular,,2026-08-21,final
Oneonta,42,Pleasant Grove,41,0,regular,,2026-08-21,final
Geraldine,54,Anniston,6,0,regular,,2026-08-21,final
Sylvania,8,Collinsville,24,0,regular,,2026-08-21,final
Andalusia,0,Wetumpka,19,0,regular,,2026-08-21,final
Dale County,41,GW Long,14,0,regular,,2026-08-21,final
Eufaula,8,Montgomery Catholic,19,0,regular,,2026-08-21,final
New Brockton,12,Opp,36,0,regular,,2026-08-21,final
Straughn,,Daleville,,0,regular,,"Aug. 21, 2026",scheduled
Holt,42,RC Hatch,0,0,regular,,2026-08-21,final
Selma,62,Carver-Birmingham,0,0,regular,,2026-08-21,final
Sipsey Valley,48,Marion County,12,0,regular,,2026-08-21,final
Beauregard,0,Reeltown,27,0,regular,,2026-08-21,final
Marbury,35,Shelby County,6,0,regular,,2026-08-21,final
Shades Valley,20,JAG,7,0,regular,,2026-08-21,final
Wenonah,14,Calera,24,0,regular,,2026-08-21,final
Woodlawn,8,Park Crossing,21,0,regular,,2026-08-21,final
Central-Clay County,,Fyffe,,0,regular,,2026-08-21,scheduled
Moody,7,Briarwood,35,0,regular,,2026-08-21,final
Sylacauga,35,Holtville,7,0,regular,,2026-08-21,final
Lawrence County,34,East Lawrence,12,0,regular,,2026-08-21,final
Priceville,46,Brewer,0,0,regular,,2026-08-21,final
Crossville,24,Asbury,13,0,regular,,2026-08-21,final
Good Hope,24,Plainview,31,0,regular,,2026-08-21,final
Guntersville,0,Arab,14,0,regular,,2026-08-21,final
Hayden,8,Glencoe,35,0,regular,,2026-08-21,final
Scottsboro,20,Fort Payne,14,0,regular,,2026-08-21,final
Baldwin County,40,BC Rain,22,0,regular,,2026-08-21,final
Elberta,0,Escambia County,60,0,regular,,2026-08-21,final
Russell County,55,BT Washington,7,0,regular,,2026-08-21,final
Bessemer City,31,Pell City,14,0,regular,,2026-08-21,final
Central-Tuscaloosa,27,Center Point,0,0,regular,,2026-08-21,final
Hueytown,18,Mountain Brook,60,0,regular,,2026-08-21,final
Mortimer Jordan,41,Fultondale,0,0,regular,,2026-08-21,final
Southside-Gadsden,30,Chelsea,7,0,regular,,2026-08-21,final
Athens,28,West Morgan,6,0,regular,,2026-08-21,final
Austin,24,James Clemens,45,0,regular,,2026-08-21,final
Hartselle,35,Bob Jones,6,0,regular,,2026-08-21,final
Russellville,28,Deshler,27,0,regular,,2026-08-21,final
Albertville,20,Paul Bryant,13,0,regular,,2026-08-21,final
Lee-Huntsville,6,McAdory,51,0,regular,,2026-08-21,final
Davidson,20,Theodore,37,0,regular,,2026-08-21,final
Mary Montgomery,14,Saraland,33,0,regular,,2026-08-21,final
Auburn,42,Hewitt-Trussville,56,0,regular,,2026-08-21,final
Enterprise,40,Pike Road,38,0,regular,,2026-08-21,final
Smiths Station,,Northside - Columbus GA,,0,regular,,"Aug. 21, 2026",scheduled
Oak Mountain,38,Pelham,45,0,regular,,2026-08-21,final
Tuscaloosa County,0,Hillcrest-Tuscaloosa,64,0,regular,,2026-08-21,final
Buckhorn,,Decatur,,0,regular,,2026-08-21,scheduled
Gadsden City,28,Oxford,56,0,regular,,2026-08-21,final
Huntsville,14,Jasper,28,0,regular,,2026-08-21,final
Sparkman,13,Spain Park,17,0,regular,,2026-08-21,final
Mobile Christian,36,McIntosh,0,0,regular,,2026-08-21,final
Montgomery Academy,34,Tallassee,7,0,regular,,2026-08-21,final
Pike Liberal Arts,27,Brantley,48,0,regular,,2026-08-21,final
Prattville Christian,47,Goshen,0,0,regular,,2026-08-21,final
Pickens Academy,40,Vina,0,0,regular,,2026-08-21,final
Tuscaloosa Academy,33,Sulligent,12,0,regular,,2026-08-21,final
Lindsay Lane,21,Brindlee Mountain,6,0,regular,,2026-08-21,final
McGill-Toolen,52,Foley,35,0,regular,,2026-08-21,final
St. Paul's,58,Alma Bryant,28,0,regular,,2026-08-21,final
Westminster Christian,14,Madison County,49,0,regular,,2026-08-21,final
Christian Collegiate Academy,,St. Luke's,,0,regular,,"Aug. 21, 2026",scheduled
Oak Grove,,Alabama Christian,,0,regular,,2026-08-21,scheduled
Ariton,14,Blountstown FL,49,0,regular,,2026-08-21,final
Ashville,19,Springville,18,0,regular,,2026-08-21,final
Baker,0,Williamson,33,0,regular,,2026-08-21,final
Barbour County,,Slocomb,,0,regular,,2026-08-21,scheduled
Fruitdale,6,Bayshore Christian,14,0,regular,,2026-08-21,final
Boaz,21,Cullman,14,0,regular,,2026-08-21,final
Hatton,27,Brooks,20,0,regular,,2026-08-21,final
Calhoun,0,Keith,36,0,regular,,2026-08-21,final
Elmore County,44,Chilton County,29,0,regular,,2026-08-21,final
Creekside GA,20,Clay-Chalkville,29,0,regular,,2026-08-21,final
Shoals Christian,16,Clements,47,0,regular,,2026-08-21,final
Colbert Heights,12,Colbert County,44,0,regular,,2026-08-21,final
Columbia,41,Greensboro,14,0,regular,,2026-08-22,final
Coosa Christian,0,Pierce County GA,55,0,regular,,2026-08-21,final
Cottonwood,40,Valwood GA,21,0,regular,,2026-08-21,final
Ellwood Christian,8,Francis Marion,30,0,regular,,2026-08-22,final
Fairfield,34,Midfield,8,0,regular,,2026-08-21,final
West Point,19,Fairview,27,0,regular,,2026-08-21,final
Vinemont,48,Falkville,0,0,regular,,2026-08-21,final
Sweet Water,0,Flomaton,30,0,regular,,2026-08-21,final
Pinson Valley,0,Florence,45,0,regular,,2026-08-21,final
Spring Garden,12,Gaston,36,0,regular,,2026-08-20,final
Gulf Shores,30,Parklane Academy MS,21,0,regular,,2026-08-21,final
JB Pennington,0,Holly Pond,20,0,regular,,2026-08-21,final
Holy Spirit,35,Waterloo,0,0,regular,,2026-08-21,final
John Carroll,14,Homewood,31,0,regular,,2026-08-21,final
Hoover,14,Muscle Shoals,8,0,regular,,2026-08-21,final
Hubbertville,28,University Charter,22,0,regular,,2026-08-21,final
South Lamar,14,Lamar County,20,0,regular,,2026-08-21,final
Lexington,20,Lauderdale County,19,0,regular,,2026-08-20,final
LeFlore,22,Robertsdale,16,0,regular,,2026-08-21,final
Mars Hill,24,Madison Academy,21,0,regular,,2026-08-21,final
Northside,49,Winfield,27,0,regular,,2026-08-21,final
Carver-Montgomery,44,Percy Julian,0,0,regular,,2026-08-21,final
Pleasant Home,,Red Level,,0,regular,,2026-08-21,scheduled
Pleasant Valley,26,White Plains,7,0,regular,,2026-08-21,final
Niceville FL,7,Prattville,49,0,regular,,2026-08-21,final
Sardis,0,Haralson County GA,40,0,regular,,2026-08-21,final
Smiths Station,6,Northside GA,29,0,regular,,2026-08-21,final
St. Michael,18,Battle Ground Academy TN,41,0,regular,,2026-08-22,final
Central-Phenix City,14,Thompson,41,0,regular,,2026-08-20,final
Jackson Prep MS,42,UMS-Wright,35,0,regular,,2026-08-21,final
Blount,7,Vigor,28,0,regular,,2026-08-22,final
Brilliant,32,Phillips,0,0,regular,,2026-08-21,final
Dothan,35,Bay Panama City FL,28,0,regular,,2026-08-21,final
Pace FL,41,Fairhope,0,0,regular,,2026-08-21,final
Holmes County FL,49,Fort Dale,10,0,regular,,2026-08-21,final
Lee-Scott,0,Glenwood,7,0,regular,,2026-08-21,final
Brookwood GA,30,Northside Methodist,7,0,regular,,2026-08-21,final
Abbeville,14,Ashford,36,1,regular,,2026-08-28,final
Barbour County,0,Abbeville,28,2,regular,,2026-09-04,final
Pleasant Home,,Abbeville,,3,regular,,2026-09-11,scheduled
Elba,,Abbeville,,4,regular,,2026-09-18,scheduled
Abbeville,,Brantley,,6,regular,,2026-10-02,scheduled
Florala,,Abbeville,,7,regular,,2026-10-09,scheduled
Abbeville,,Kinston,,8,regular,,2026-10-16,scheduled
Abbeville,,Samson,,9,regular,,2026-10-23,scheduled
Daleville,,Abbeville,,10,regular,,2026-10-30,scheduled
Addison,35,Lynn,0,1,regular,,2026-08-28,final
Waterloo,7,Addison,60,2,regular,,2026-09-04,final
Phillips,,Addison,,3,regular,,2026-09-11,scheduled
Addison,,Meek,,4,regular,,2026-09-18,scheduled
Addison,,Oakman,,5,regular,,2026-09-25,scheduled
Addison,,Belgreen,,6,regular,,2026-10-02,scheduled
Cherokee,,Addison,,7,regular,,2026-10-09,scheduled
Red Bay,,Addison,,8,regular,,2026-10-16,scheduled
Addison,,Hackleburg,,9,regular,,2026-10-23,scheduled
Alabama Christian,41,Georgiana,0,1,regular,,2026-08-28,final
Montgomery Academy,56,Alabama Christian,7,2,regular,,2026-09-04,final
Alabama Christian,,Trinity,,3,regular,,2026-09-11,scheduled
Alabama Christian,,Prattville Christian,,4,regular,,2026-09-18,scheduled
Sweet Water,,Alabama Christian,,5,regular,,2026-09-25,scheduled
Alabama Christian,,Wadley,,6,regular,,2026-10-02,scheduled
Alabama Christian,,Fort Dale,,7,regular,,2026-10-09,scheduled
St. James,,Alabama Christian,,8,regular,,2026-10-16,scheduled
Pike Liberal Arts,,Alabama Christian,,9,regular,,2026-10-23,scheduled
Hazel Green,27,Albertville,57,1,regular,,2026-08-28,final
Albertville,14,Arab,35,2,regular,,"Sep. 4, 2026",final
Boaz,,Albertville,,3,regular,,2026-09-11,scheduled
Albertville,,Douglas,,4,regular,,2026-09-18,scheduled
Mae Jemison,,Albertville,,6,regular,,2026-10-02,scheduled
Albertville,,Lee-Huntsville,,7,regular,,2026-10-09,scheduled
Columbia,,Albertville,,8,regular,,2026-10-16,scheduled
Albertville,,Fort Payne,,9,regular,,2026-10-23,scheduled
Guntersville,,Albertville,,10,regular,,2026-10-30,scheduled
Alexandria,51,Coosa Christian,7,1,regular,,2026-08-28,final
Alexandria,35,Moody,28,2,regular,,2026-09-04,final
Lincoln,,Alexandria,,3,regular,,2026-09-11,scheduled
Sylacauga,,Alexandria,,4,regular,,2026-09-18,scheduled
Piedmont,,Alexandria,,5,regular,,2026-09-25,scheduled
Alexandria,,Central-Clay County,,6,regular,,2026-10-02,scheduled
Leeds,,Alexandria,,8,regular,,2026-10-16,scheduled
Alexandria,,Jacksonville,,9,regular,,2026-10-23,scheduled
Alexandria,,Handley,,10,regular,,2026-10-30,scheduled
Holt,16,Aliceville,33,1,regular,,2026-08-28,final
Aliceville,42,Thorsby,30,2,regular,,2026-09-04,final
Isabella,,Aliceville,,3,regular,,2026-09-11,scheduled
Aliceville,,Southside-Selma,,4,regular,,2026-09-18,scheduled
Sipsey Valley,,Aliceville,,5,regular,,2026-09-25,scheduled
Aliceville,,Dallas County,,6,regular,,2026-10-02,scheduled
Greensboro,,Aliceville,,7,regular,,2026-10-09,scheduled
Aliceville,,Greene County,,8,regular,,2026-10-16,scheduled
Sumter Central,,Aliceville,,9,regular,,2026-10-23,scheduled
Greenville,20,Alma Bryant,23,1,regular,,2026-08-28,final
Alma Bryant,21,Daphne,42,2,regular,,2026-09-04,final
Alma Bryant,,Foley,,3,regular,,2026-09-10,scheduled
Alma Bryant,,Mary Montgomery,,4,regular,,2026-09-18,scheduled
LeFlore,,Alma Bryant,,5,regular,,2026-09-25,scheduled
Alma Bryant,,Fairhope,,6,regular,,2026-10-02,scheduled
Robertsdale,,Alma Bryant,,7,regular,,2026-10-09,scheduled
Baker,,Alma Bryant,,8,regular,,2026-10-16,scheduled
Davidson,,Alma Bryant,,9,regular,,2026-10-22,scheduled
John Carroll,7,American Christian,51,2,regular,,"Sep. 4, 2026",final
American Christian,,Randolph,,3,regular,,2026-09-11,scheduled
St. John Paul II,,American Christian,,4,regular,,2026-09-18,scheduled
Tuscaloosa Academy,,American Christian,,5,regular,,2026-09-25,scheduled
American Christian,,Lee-Scott,,6,regular,,2026-10-02,scheduled
American Christian,,Madison Academy,,7,regular,,2026-10-09,scheduled
Westminster Christian,,American Christian,,8,regular,,2026-10-16,scheduled
American Christian,,Briarwood,,9,regular,,2026-10-23,scheduled
American Christian,,Northside,,10,regular,,2026-10-30,scheduled
Robertsdale,9,Andalusia,31,1,regular,,2026-08-28,final
Straughn,0,Andalusia,34,2,regular,,2026-09-04,final
Andalusia,,Carroll,,3,regular,,2026-09-11,scheduled
Headland,,Andalusia,,4,regular,,2026-09-18,scheduled
Andalusia,,Enterprise,,5,regular,,2026-09-25,scheduled
Andalusia,,Dale County,,6,regular,,2026-10-02,scheduled
Andalusia,,Eufaula,,7,regular,,2026-10-09,scheduled
Ashford,,Andalusia,,8,regular,,2026-10-16,scheduled
New Brockton,,Andalusia,,9,regular,,2026-10-23,scheduled
Minor,47,Anniston,6,1,regular,,2026-08-28,final
Central-Clay County,36,Anniston,12,2,regular,,"Sep. 4, 2026",final
Anniston,,Moody,,3,regular,,2026-09-11,scheduled
Anniston,,Leeds,,4,regular,,2026-09-18,scheduled
Jacksonville,,Anniston,,6,regular,,2026-10-02,scheduled
Alexandria,,Anniston,,7,regular,,2026-10-09,scheduled
Anniston,,Lincoln,,8,regular,,2026-10-16,scheduled
Sylacauga,,Anniston,,9,regular,,2026-10-23,scheduled
Anniston,,Southside-Gadsden,,10,regular,,2026-10-30,scheduled
Cleveland,35,Appalachian,34,1,regular,,2026-08-28,final
Spring Garden,30,Appalachian,14,2,regular,,2026-09-04,final
Appalachian,,Woodville,,3,regular,,2026-09-11,scheduled
Appalachian,,Vinemont,,5,regular,,2026-09-25,scheduled
Gaylesville,,Appalachian,,6,regular,,2026-10-02,scheduled
Appalachian,,Ragland,,7,regular,,2026-10-09,scheduled
Cedar Bluff,,Appalachian,,8,regular,,2026-10-16,scheduled
Appalachian,,Valley Head,,9,regular,,2026-10-23,scheduled
Appalachian,,West End,,10,regular,,2026-10-30,scheduled
Arab,41,Ardmore,21,1,regular,,2026-08-28,final
Arab,,Lee-Huntsville,,3,regular,,2026-09-11,scheduled
Columbia,,Arab,,4,regular,,2026-09-17,scheduled
Arab,,Decatur,,5,regular,,2026-09-25,scheduled
Arab,,Fort Payne,,6,regular,,2026-10-02,scheduled
Arab,,Mae Jemison,,7,regular,,2026-10-09,scheduled
Boaz,,Arab,,8,regular,,2026-10-16,scheduled
Douglas,,Arab,,9,regular,,2026-10-23,scheduled
Hamilton,49,Ardmore,8,2,regular,,2026-09-04,final
Brooks,,Ardmore,,3,regular,,2026-09-11,scheduled
Ardmore,,West Point,,4,regular,,2026-09-18,scheduled
Ardmore,,Lawrence County,,6,regular,,2026-10-02,scheduled
Ardmore,,Deshler,,7,regular,,2026-10-09,scheduled
Priceville,,Ardmore,,8,regular,,2026-10-16,scheduled
Ardmore,,West Morgan,,9,regular,,2026-10-23,scheduled
Ardmore,,Lauderdale County,,10,regular,,2026-10-30,scheduled
Wicksburg,12,Ariton,26,1,regular,,2026-08-28,final
Zion Chapel,14,Ariton,45,2,regular,,"Sep. 4, 2026",final
Ariton,,Houston County,,3,regular,,2026-09-11,scheduled
GW Long,,Ariton,,4,regular,,2026-09-18,scheduled
Ariton,,Dale County,,5,regular,,2026-09-25,scheduled
Cottonwood,,Ariton,,6,regular,,2026-10-02,scheduled
Ariton,,Goshen,,7,regular,,2026-10-09,scheduled
Highland Home,,Ariton,,8,regular,,2026-10-16,scheduled
Ariton,,Geneva County,,9,regular,,2026-10-23,scheduled
Brindlee Mountain,39,Asbury,19,1,regular,,2026-08-28,final
Asbury,14,DAR,62,2,regular,,2026-09-03,final
Asbury,,New Hope,,3,regular,,2026-09-11,scheduled
Plainview,,Asbury,,4,regular,,2026-09-18,scheduled
Sylvania,,Asbury,,6,regular,,2026-10-02,scheduled
Asbury,,Geraldine,,7,regular,,2026-10-09,scheduled
North Jackson,,Asbury,,8,regular,,2026-10-16,scheduled
Asbury,,Madison County,,9,regular,,2026-10-23,scheduled
Asbury,,Lindsay Lane,,10,regular,,2026-10-30,scheduled
Ashford,12,Eufaula,19,2,regular,,"Sep. 3, 2026",final
Ashford,,Headland,,3,regular,,2026-09-11,scheduled
Carroll,,Ashford,,4,regular,,2026-09-18,scheduled
Ashford,,Cottonwood,,5,regular,,2026-09-25,scheduled
Ashford,,New Brockton,,6,regular,,2026-10-02,scheduled
Straughn,,Ashford,,7,regular,,2026-10-09,scheduled
Dale County,,Ashford,,9,regular,,2026-10-23,scheduled
Ashville,12,Westbrook Christian,45,1,regular,,2026-08-28,final
Ashville,0,Talladega,49,2,regular,,2026-09-04,final
Childersburg,,Ashville,,3,regular,,2026-09-11,scheduled
Ashville,,Cleburne County,,4,regular,,2026-09-18,scheduled
Handley,,Ashville,,6,regular,,2026-10-02,scheduled
Munford,,Ashville,,7,regular,,2026-10-09,scheduled
Ashville,,Weaver,,8,regular,,2026-10-16,scheduled
White Plains,,Ashville,,9,regular,,2026-10-23,scheduled
Ashville,,Gaston,,10,regular,,2026-10-30,scheduled
Bob Jones,28,Athens,21,1,regular,,2026-08-28,final
East Limestone,7,Athens,41,2,regular,,"Sep. 3, 2026",final
Decatur,,Athens,,3,regular,,2026-09-11,scheduled
Athens,,Austin,,4,regular,,2026-09-18,scheduled
Florence,,Athens,,6,regular,,2026-10-02,scheduled
Athens,,Russellville,,7,regular,,2026-10-09,scheduled
Hartselle,,Athens,,8,regular,,2026-10-16,scheduled
Athens,,Muscle Shoals,,9,regular,,2026-10-23,scheduled
Athens,,Buckhorn,,10,regular,,2026-10-30,scheduled
Choctawhatchee FL,21,Auburn,31,1,regular,,2026-08-28,final
Carver-Montgomery,16,Auburn,23,2,regular,,2026-09-04,final
Enterprise,,Auburn,,3,regular,,2026-09-11,scheduled
Central-Phenix City,,Auburn,,4,regular,,2026-09-18,scheduled
Auburn,,Opelika,,6,regular,,2026-10-02,scheduled
Auburn,,JAG,,7,regular,,2026-10-09,scheduled
Auburn,,Dothan,,8,regular,,2026-10-16,scheduled
Auburn,,Smiths Station,,9,regular,,2026-10-23,scheduled
Saraland,,Auburn,,10,regular,,2026-10-30,scheduled
Sparkman,38,Austin,21,1,regular,,2026-08-28,final
Austin,21,Decatur,0,2,regular,,"Sep. 4, 2026",final
Austin,,Muscle Shoals,,3,regular,,2026-09-11,scheduled
East Limestone,,Austin,,6,regular,,2026-10-02,scheduled
Hartselle,,Austin,,7,regular,,2026-10-09,scheduled
Austin,,Florence,,8,regular,,2026-10-16,scheduled
Russellville,,Austin,,9,regular,,2026-10-23,scheduled
Austin,,Bob Jones,,10,regular,,2026-10-29,scheduled
Theodore,14,Baker,24,1,regular,,2026-08-28,final
Davidson,13,Baker,35,2,regular,,2026-09-04,final
Daphne,,Baker,,3,regular,,2026-09-11,scheduled
Foley,,Baker,,4,regular,,2026-09-18,scheduled
Baker,,Mary Montgomery,,6,regular,,2026-10-02,scheduled
Fairhope,,Baker,,7,regular,,2026-10-09,scheduled
Baker,,Robertsdale,,9,regular,,2026-10-23,scheduled
Baker,,McGill-Toolen,,10,regular,,2026-10-30,scheduled
Fairhope,33,Baldwin County,21,1,regular,,2026-08-28,final
Theodore,31,Baldwin County,28,2,regular,,"Sep. 4, 2026",final
Spanish Fort,,Baldwin County,,3,regular,,2026-09-11,scheduled
Baldwin County,,Saraland,,4,regular,,2026-09-18,scheduled
Baldwin County,,Gulf Shores,,6,regular,,2026-10-02,scheduled
Baldwin County,,Blount,,7,regular,,2026-10-09,scheduled
Elberta,,Baldwin County,,8,regular,,2026-10-16,scheduled
Baldwin County,,Murphy,,9,regular,,2026-10-23,scheduled
UMS-Wright,,Baldwin County,,10,regular,,2026-10-30,scheduled
Northside Methodist,15,Barbour County,28,1,regular,,2026-08-28,final
Florala,,Barbour County,,3,regular,,2026-09-11,scheduled
Barbour County,,Pleasant Home,,4,regular,,2026-09-18,scheduled
Kinston,,Barbour County,,6,regular,,2026-10-02,scheduled
Elba,,Barbour County,,7,regular,,2026-10-09,scheduled
Barbour County,,Samson,,8,regular,,2026-10-16,scheduled
Brantley,,Barbour County,,9,regular,,2026-10-23,scheduled
Bayshore Christian,18,Chickasaw,34,1,regular,,2026-08-28,final
Bayshore Christian,7,Bayside Academy,49,2,regular,,2026-09-04,final
Providence Christian,,Bayshore Christian,,3,regular,,2026-09-11,scheduled
St. Luke's,,Bayshore Christian,,4,regular,,2026-09-18,scheduled
Cottage Hill Christian,,Bayshore Christian,,7,regular,,2026-10-09,scheduled
Bayshore Christian,,Northside Methodist,,8,regular,,2026-10-16,scheduled
Bayshore Christian,,Mobile Christian,,9,regular,,2026-10-23,scheduled
Bayside Academy,29,Jackson,18,1,regular,,2026-08-28,final
Bayside Academy,,St. Luke's,,3,regular,,2026-09-11,scheduled
Bayside Academy,,Northside Methodist,,4,regular,,2026-09-18,scheduled
Bayside Academy,,St. Michael,,5,regular,,2026-09-25,scheduled
Cottage Hill Christian,,Bayside Academy,,6,regular,,2026-10-02,scheduled
Providence Christian,,Bayside Academy,,7,regular,,2026-10-09,scheduled
Bayside Academy,,Mobile Christian,,8,regular,,2026-10-16,scheduled
Gulf Shores,,Bayside Academy,,10,regular,,2026-10-30,scheduled
Vincent,,BB Comer,,1,regular,,2026-08-28,scheduled
BB Comer,,Reeltown,,2,regular,,2026-09-04,scheduled
Dadeville,,BB Comer,,3,regular,,2026-09-11,scheduled
BB Comer,,Central-Coosa,,4,regular,,2026-09-18,scheduled
Fayetteville,,BB Comer,,5,regular,,2026-09-25,scheduled
Lanett,,BB Comer,,6,regular,,2026-10-02,scheduled
BB Comer,,Horseshoe Bend,,7,regular,,2026-10-09,scheduled
Ranburne,,BB Comer,,8,regular,,2026-10-16,scheduled
BB Comer,,Randolph County,,9,regular,,2026-10-23,scheduled
BC Rain,,Blount,,1,regular,,2026-08-28,scheduled
Williamson,56,BC Rain,0,2,regular,,2026-09-04,final
BC Rain,,Satsuma,,3,regular,,2026-09-11,scheduled
Orange Beach,,BC Rain,,4,regular,,2026-09-18,scheduled
WS Neal,,BC Rain,,5,regular,,2026-09-25,scheduled
BC Rain,,Citronelle,,6,regular,,2026-10-02,scheduled
Vigor,,BC Rain,,7,regular,,2026-10-09,scheduled
BC Rain,,LeFlore,,8,regular,,2026-10-16,scheduled
BC Rain,,Davidson,,10,regular,,2026-10-30,scheduled
LaFayette,45,Beauregard,22,1,regular,,2026-08-28,final
Beauregard,0,Greenville,35,2,regular,,2026-09-04,final
Charles Henderson,,Beauregard,,3,regular,,2026-09-11,scheduled
Beauregard,,Marbury,,4,regular,,2026-09-18,scheduled
Handley,,Beauregard,,5,regular,,2026-09-25,scheduled
Beauregard,,Holtville,,6,regular,,2026-10-02,scheduled
Tallassee,,Beauregard,,7,regular,,2026-10-09,scheduled
Beauregard,,Elmore County,,8,regular,,2026-10-16,scheduled
Valley,,Beauregard,,9,regular,,2026-10-23,scheduled
Belgreen,47,Brilliant,14,1,regular,,2026-08-28,final
Belgreen,48,Cherokee,14,2,regular,,2026-09-04,final
Red Bay,,Belgreen,,3,regular,,2026-09-11,scheduled
Belgreen,,Hackleburg,,4,regular,,2026-09-18,scheduled
Belgreen,,Meek,,7,regular,,2026-10-09,scheduled
Waterloo,,Belgreen,,8,regular,,2026-10-16,scheduled
Phillips,,Belgreen,,9,regular,,2026-10-23,scheduled
Benjamin Russell,7,Vestavia Hills,23,1,regular,,2026-08-28,final
Park Crossing,14,Benjamin Russell,40,2,regular,,2026-09-03,final
Benjamin Russell,,Stanhope Elmore,,3,regular,,2026-09-11,scheduled
Russell County,,Benjamin Russell,,4,regular,,2026-09-18,scheduled
Benjamin Russell,,Vigor,,5,regular,,2026-09-25,scheduled
Benjamin Russell,,Wetumpka,,6,regular,,2026-10-02,scheduled
Benjamin Russell,,Pike Road,,7,regular,,2026-10-09,scheduled
Rehobeth,,Benjamin Russell,,8,regular,,2026-10-16,scheduled
Percy Julian,,Benjamin Russell,,9,regular,,2026-10-23,scheduled
Berry,46,Marion County,12,2,regular,,2026-09-04,final
Lynn,,Berry,,3,regular,,2026-09-11,scheduled
Berry,,Sulligent,,4,regular,,2026-09-18,scheduled
Hope Christian,,Berry,,5,regular,,2026-09-25,scheduled
Brilliant,,Berry,,6,regular,,2026-10-02,scheduled
Hubbertville,,Berry,,7,regular,,2026-10-09,scheduled
Berry,,South Lamar,,8,regular,,2026-10-16,scheduled
Berry,,Pickens County,,9,regular,,2026-10-23,scheduled
Berry,,Meek,,10,regular,,2026-10-30,scheduled
Spain Park,35,Bessemer City,0,1,regular,,2026-08-28,final
Bessemer City,48,Paul Bryant,14,2,regular,,2026-09-04,final
McAdory,,Bessemer City,,3,regular,,2026-09-11,scheduled
Hueytown,,Bessemer City,,4,regular,,2026-09-18,scheduled
Bessemer City,,Central-Tuscaloosa,,6,regular,,2026-10-02,scheduled
Northridge,,Bessemer City,,7,regular,,2026-10-09,scheduled
Bessemer City,,Brookwood,,8,regular,,2026-10-16,scheduled
Hillcrest-Tuscaloosa,,Bessemer City,,9,regular,,2026-10-23,scheduled
Bessemer City,,Chelsea,,10,regular,,2026-10-29,scheduled
Horseshoe Bend,6,Beulah,38,1,regular,,2026-08-28,final
Pike County,35,Beulah,3,2,regular,,2026-09-04,final
Beulah,,Geneva,,3,regular,,2026-09-11,scheduled
Bullock County,,Beulah,,4,regular,,2026-09-18,scheduled
BT Washington,,Beulah,,6,regular,,2026-10-02,scheduled
Beulah,,Slocomb,,7,regular,,2026-10-09,scheduled
Beulah,,Wicksburg,,8,regular,,2026-10-16,scheduled
Daleville,,Beulah,,9,regular,,2026-10-23,scheduled
Beulah,,Woodland,,10,regular,,2026-10-29,scheduled
Bibb County,36,Gordo,29,1,regular,,2026-08-28,final
Corner,28,Bibb County,42,2,regular,,2026-09-03,final
Bibb County,,Cordova,,3,regular,,2026-09-11,scheduled
Hale County,,Bibb County,,4,regular,,2026-09-18,scheduled
Brookwood,,Bibb County,,5,regular,,2026-09-25,scheduled
Bibb County,,Tarrant,,6,regular,,2026-10-02,scheduled
Pleasant Grove,,Bibb County,,7,regular,,2026-10-09,scheduled
Bibb County,,West Blocton,,8,regular,,2026-10-16,scheduled
Bibb County,,Fultondale,,9,regular,,2026-10-23,scheduled
Billingsley,22,Thorsby,52,1,regular,,2026-08-27,final
Billingsley,24,Georgiana,8,2,regular,,2026-09-04,final
Central-Hayneville,,Billingsley,,3,regular,,2026-09-11,scheduled
McKenzie,,Billingsley,,4,regular,,2026-09-18,scheduled
Billingsley,,Isabella,,5,regular,,2026-09-25,scheduled
Red Level,,Billingsley,,6,regular,,2026-10-02,scheduled
Billingsley,,Verbena,,7,regular,,2026-10-09,scheduled
Calhoun,,Billingsley,,8,regular,,2026-10-16,scheduled
Billingsley,,Maplesville,,9,regular,,2026-10-23,scheduled
Billingsley,,Holy Spirit,,10,regular,,2026-10-29,scheduled
Murphy,0,Blount,43,2,regular,,"Sep. 3, 2026",final
Gulf Shores,,Blount,,3,regular,,2026-09-11,scheduled
Blount,,Spanish Fort,,4,regular,,2026-09-18,scheduled
Blount,,Theodore,,6,regular,,2026-10-02,scheduled
Saraland,,Blount,,8,regular,,2026-10-16,scheduled
Blount,,Elberta,,9,regular,,2026-10-23,scheduled
Blount,,Percy Julian,,10,regular,,2026-10-30,scheduled
Plainview,41,Boaz,25,1,regular,,2026-08-28,final
Douglas,14,Boaz,22,2,regular,,2026-09-04,final
Lee-Huntsville,,Boaz,,4,regular,,2026-09-18,scheduled
Boaz,,Columbia,,6,regular,,2026-10-02,scheduled
Fort Payne,,Boaz,,7,regular,,2026-10-09,scheduled
Boaz,,Mae Jemison,,9,regular,,2026-10-23,scheduled
Madison Academy,,Boaz,,10,regular,,2026-10-29,scheduled
James Clemens,49,Bob Jones,20,2,regular,,"Sep. 4, 2026",final
Grissom,,Bob Jones,,3,regular,,2026-09-11,scheduled
Bob Jones,,Buckhorn,,4,regular,,2026-09-18,scheduled
Sparkman,,Bob Jones,,6,regular,,2026-10-02,scheduled
Bob Jones,,Hazel Green,,7,regular,,2026-10-09,scheduled
Bob Jones,,Huntsville,,8,regular,,2026-10-16,scheduled
Gadsden City,,Bob Jones,,9,regular,,2026-10-23,scheduled
Luverne,44,Brantley,14,1,regular,,2026-08-27,final
Brantley,28,Florala,12,2,regular,,2026-09-04,final
Kinston,,Brantley,,3,regular,,2026-09-11,scheduled
Brantley,,Samson,,4,regular,,2026-09-18,scheduled
Brantley,,Highland Home,,5,regular,,2026-09-25,scheduled
Brantley,,Pleasant Home,,7,regular,,2026-10-09,scheduled
Elba,,Brantley,,8,regular,,2026-10-16,scheduled
Central-Hayneville,30,Breakthrough Charter,0,1,regular,,2026-08-28,final
RC Hatch,30,Breakthrough Charter,0,2,regular,,2026-09-04,final
Sweet Water,,Breakthrough Charter,,3,regular,,2026-09-11,scheduled
Linden,,Breakthrough Charter,,4,regular,,2026-09-18,scheduled
Calhoun,,Breakthrough Charter,,5,regular,,2026-09-25,scheduled
Francis Marion,,Breakthrough Charter,,6,regular,,2026-10-02,scheduled
JF Shields,,Breakthrough Charter,,7,regular,,2026-10-09,scheduled
University Charter,,Breakthrough Charter,,8,regular,,2026-10-16,scheduled
Keith,,Breakthrough Charter,,9,regular,,2026-10-23,scheduled
Brewer,23,Good Hope,47,1,regular,,2026-08-28,final
Crossville,7,Brewer,49,2,regular,,2026-09-04,final
Cherokee County,,Brewer,,3,regular,,2026-09-11,scheduled
Brewer,,Hayden,,4,regular,,2026-09-18,scheduled
West Limestone,,Brewer,,5,regular,,2026-09-25,scheduled
Fairview,,Brewer,,6,regular,,2026-10-02,scheduled
Brewer,,Scottsboro,,7,regular,,2026-10-09,scheduled
Brewer,,Guntersville,,9,regular,,2026-10-23,scheduled
Brewer,,Sardis,,10,regular,,2026-10-30,scheduled
Briarwood,17,Homewood,14,1,regular,,2026-08-28,final
Briarwood,49,Westminster Christian,7,2,regular,,"Sep. 4, 2026",final
Lee-Scott,,Briarwood,,3,regular,,2026-09-11,scheduled
Briarwood,,Madison Academy,,4,regular,,2026-09-18,scheduled
Briarwood,,Montgomery Catholic,,5,regular,,2026-09-25,scheduled
St. John Paul II,,Briarwood,,6,regular,,2026-10-01,scheduled
Briarwood,,John Carroll,,7,regular,,2026-10-09,scheduled
Briarwood,,Randolph,,8,regular,,2026-10-16,scheduled
Hubbertville,50,Brilliant,0,2,regular,,2026-09-04,final
Brilliant,,Pickens County,,3,regular,,2026-09-11,scheduled
Lynn,,Brilliant,,4,regular,,2026-09-18,scheduled
South Lamar,,Brilliant,,7,regular,,2026-10-09,scheduled
Brilliant,,Marion County,,8,regular,,2026-10-16,scheduled
Sulligent,,Brilliant,,9,regular,,2026-10-23,scheduled
Brilliant,,Cherokee,,10,regular,,2026-10-30,scheduled
Collinsville,49,Brindlee Mountain,0,2,regular,,2026-09-03,final
Brindlee Mountain,,North Sand Mountain,,3,regular,,2026-09-11,scheduled
Fyffe,,Brindlee Mountain,,4,regular,,2026-09-18,scheduled
Brindlee Mountain,,Pisgah,,6,regular,,2026-10-02,scheduled
Brindlee Mountain,,Section,,7,regular,,2026-10-09,scheduled
Ider,,Brindlee Mountain,,8,regular,,2026-10-16,scheduled
Sand Rock,,Brindlee Mountain,,9,regular,,2026-10-23,scheduled
Brindlee Mountain,,DAR,,10,regular,,2026-10-30,scheduled
Brooks,43,Lauderdale County,14,1,regular,,2026-08-28,final
West Morgan,63,Brooks,14,2,regular,,2026-09-04,final
Hamilton,,Brooks,,4,regular,,2026-09-18,scheduled
Central-Florence,,Brooks,,5,regular,,2026-09-25,scheduled
Brooks,,West Point,,6,regular,,2026-10-02,scheduled
Lawrence County,,Brooks,,7,regular,,2026-10-09,scheduled
Deshler,,Brooks,,8,regular,,2026-10-15,scheduled
Brooks,,Priceville,,9,regular,,2026-10-23,scheduled
West Blocton,13,Brookwood,38,1,regular,,2026-08-28,final
Central-Tuscaloosa,49,Brookwood,24,2,regular,,2026-09-04,final
Brookwood,,Northridge,,3,regular,,2026-09-11,scheduled
Brookwood,,McAdory,,4,regular,,2026-09-18,scheduled
Brookwood,,Hillcrest-Tuscaloosa,,6,regular,,2026-10-02,scheduled
Paul Bryant,,Brookwood,,7,regular,,2026-10-09,scheduled
Hueytown,,Brookwood,,9,regular,,2026-10-23,scheduled
Brookwood,,Woodlawn,,10,regular,,2026-10-29,scheduled
Eufaula,21,BT Washington,0,1,regular,,2026-08-28,final
Slocomb,16,BT Washington,15,2,regular,,2026-09-04,final
BT Washington,,Daleville,,3,regular,,2026-09-11,scheduled
Geneva,,BT Washington,,4,regular,,2026-09-18,scheduled
Tallassee,,BT Washington,,5,regular,,2026-09-25,scheduled
BT Washington,,Wicksburg,,7,regular,,2026-10-09,scheduled
Pike County,,BT Washington,,8,regular,,2026-10-16,scheduled
BT Washington,,Bullock County,,9,regular,,2026-10-23,scheduled
Oak Mountain,38,Buckhorn,14,1,regular,,2026-08-28,final
Buckhorn,48,Hazel Green,22,2,regular,,2026-09-04,final
Buckhorn,,Huntsville,,3,regular,,2026-09-11,scheduled
James Clemens,,Buckhorn,,6,regular,,2026-10-02,scheduled
Buckhorn,,Grissom,,7,regular,,2026-10-09,scheduled
Buckhorn,,Gadsden City,,8,regular,,2026-10-16,scheduled
Sparkman,,Buckhorn,,9,regular,,2026-10-23,scheduled
Wicksburg,14,Bullock County,45,2,regular,,"Sep. 4, 2026",final
Bullock County,,Pike County,,3,regular,,2026-09-11,scheduled
Bullock County,,Charles Henderson,,5,regular,,2026-09-25,scheduled
Slocomb,,Bullock County,,6,regular,,2026-10-02,scheduled
Bullock County,,Daleville,,7,regular,,2026-10-09,scheduled
Geneva,,Bullock County,,8,regular,,2026-10-16,scheduled
Calera,31,Chelsea,14,2,regular,,2026-09-04,final
Calera,,Chilton County,,3,regular,,2026-09-11,scheduled
Ramsay,,Calera,,4,regular,,2026-09-18,scheduled
Calera,,Gardendale,,5,regular,,2026-09-25,scheduled
Homewood,,Calera,,6,regular,,2026-10-02,scheduled
Calera,,Mountain Brook,,7,regular,,2026-10-09,scheduled
Pelham,,Calera,,8,regular,,2026-10-16,scheduled
Helena,,Calera,,9,regular,,2026-10-23,scheduled
Calera,,Tuscaloosa County,,10,regular,,2026-10-30,scheduled
Notasulga,20,Calhoun,16,1,regular,,2026-08-28,final
Calhoun,6,Red Level,46,2,regular,,2026-09-04,final
Verbena,,Calhoun,,3,regular,,2026-09-11,scheduled
Central-Hayneville,,Calhoun,,4,regular,,2026-09-18,scheduled
Maplesville,,Calhoun,,6,regular,,2026-10-02,scheduled
Georgiana,,Calhoun,,7,regular,,2026-10-09,scheduled
Calhoun,,McKenzie,,9,regular,,2026-10-23,scheduled
Lamar County,40,Carbon Hill,18,2,regular,,2026-09-04,final
Carbon Hill,,Midfield,,3,regular,,2026-09-11,scheduled
Gordo,,Carbon Hill,,4,regular,,2026-09-18,scheduled
Carbon Hill,,Curry,,5,regular,,2026-09-25,scheduled
Carbon Hill,,Locust Fork,,6,regular,,2026-10-02,scheduled
Southeastern,,Carbon Hill,,7,regular,,2026-10-09,scheduled
Cleveland,,Carbon Hill,,8,regular,,2026-10-16,scheduled
Carbon Hill,,Cold Springs,,9,regular,,2026-10-23,scheduled
Carbon Hill,,Shoals Christian,,10,regular,,2026-10-30,scheduled
Hillcrest-Evergreen,6,Carroll,38,1,regular,,2026-08-28,final
New Brockton,12,Carroll,17,2,regular,,"Sep. 4, 2026",final
Pike County,,Carroll,,5,regular,,2026-09-25,scheduled
Carroll,,Straughn,,6,regular,,2026-10-02,scheduled
Carroll,,Headland,,7,regular,,2026-10-09,scheduled
Dale County,,Carroll,,8,regular,,2026-10-16,scheduled
Eufaula,,Carroll,,9,regular,,2026-10-23,scheduled
Carver-Birmingham,,Francis Marion,,1,regular,,2026-08-28,scheduled
Dora,36,Carver-Birmingham,14,2,regular,,"Sep. 4, 2026",final
Carver-Birmingham,,Center Point,,3,regular,,2026-09-10,scheduled
Carver-Birmingham,,Wenonah,,4,regular,,2026-09-18,scheduled
Oak Grove,,Carver-Birmingham,,6,regular,,2026-10-02,scheduled
Carver-Birmingham,,Shades Valley,,7,regular,,2026-10-08,scheduled
Carver-Birmingham,,Fairfield,,8,regular,,2026-10-16,scheduled
Woodlawn,,Carver-Birmingham,,9,regular,,2026-10-22,scheduled
Daphne,21,Carver-Montgomery,7,1,regular,,2026-08-28,final
Dothan,,Carver-Montgomery,,3,regular,,2026-09-11,scheduled
Smiths Station,,Carver-Montgomery,,4,regular,,2026-09-18,scheduled
Carver-Montgomery,,Parker,,5,regular,,2026-09-25,scheduled
Carver-Montgomery,,JAG,,6,regular,,2026-10-02,scheduled
Carver-Montgomery,,Enterprise,,7,regular,,2026-10-08,scheduled
Central-Phenix City,,Carver-Montgomery,,8,regular,,2026-10-16,scheduled
Carver-Montgomery,,Opelika,,9,regular,,2026-10-23,scheduled
Gaston,49,Cedar Bluff,21,1,regular,,2026-08-28,final
Cedar Bluff,28,Ragland,49,2,regular,,2026-09-04,final
Cedar Bluff,,Valley Head,,4,regular,,2026-09-18,scheduled
Cedar Bluff,,Ider,,5,regular,,2026-09-25,scheduled
Spring Garden,,Cedar Bluff,,6,regular,,2026-10-02,scheduled
Woodville,,Cedar Bluff,,7,regular,,2026-10-09,scheduled
Gaylesville,,Cedar Bluff,,9,regular,,2026-10-23,scheduled
Cedar Bluff,,Sand Rock,,10,regular,,2026-10-29,scheduled
Center Point,21,Fultondale,20,1,regular,,2026-08-28,final
Shades Valley,15,Center Point,12,2,regular,,"Sep. 4, 2026",final
Center Point,,Fairfield,,4,regular,,2026-09-18,scheduled
Center Point,,Minor,,5,regular,,2026-09-25,scheduled
Wenonah,,Center Point,,6,regular,,2026-10-02,scheduled
Woodlawn,,Center Point,,7,regular,,2026-10-09,scheduled
Center Point,,Oak Grove,,8,regular,,2026-10-16,scheduled
Center Point,,Dora,,9,regular,,2026-10-23,scheduled
Elmore County,14,Central-Clay County,28,1,regular,,2026-08-28,final
Leeds,,Central-Clay County,,3,regular,,2026-09-11,scheduled
Central-Clay County,,Jacksonville,,4,regular,,2026-09-18,scheduled
Scottsboro,,Central-Clay County,,5,regular,,2026-09-25,scheduled
Central-Clay County,,Lincoln,,7,regular,,2026-10-09,scheduled
Central-Clay County,,Sylacauga,,8,regular,,2026-10-16,scheduled
Moody,,Central-Clay County,,9,regular,,2026-10-23,scheduled
Central-Coosa,14,Winterboro,44,1,regular,,2026-08-28,final
Central-Coosa,16,Ranburne,40,2,regular,,2026-09-03,final
Randolph County,,Central-Coosa,,3,regular,,2026-09-11,scheduled
Dadeville,,Central-Coosa,,6,regular,,2026-10-02,scheduled
Central-Coosa,,Reeltown,,7,regular,,2026-10-09,scheduled
Central-Coosa,,Lanett,,8,regular,,2026-10-16,scheduled
Horseshoe Bend,,Central-Coosa,,9,regular,,2026-10-23,scheduled
Central-Coosa,,LaFayette,,10,regular,,2026-10-30,scheduled
Phil Campbell,14,Central-Florence,49,1,regular,,2026-08-28,final
Wilson,6,Central-Florence,20,2,regular,,2026-09-04,final
Central-Florence,,Lauderdale County,,3,regular,,2026-09-11,scheduled
Central-Florence,,Elkmont,,4,regular,,2026-09-18,scheduled
Clements,,Central-Florence,,6,regular,,2026-10-02,scheduled
Colbert Heights,,Central-Florence,,7,regular,,2026-10-09,scheduled
Central-Florence,,West Limestone,,8,regular,,2026-10-16,scheduled
Rogers,,Central-Florence,,9,regular,,2026-10-23,scheduled
Central-Florence,,Hatton,,10,regular,,2026-10-29,scheduled
Central-Hayneville,34,Verbena,58,2,regular,,2026-09-04,final
McKenzie,,Central-Hayneville,,6,regular,,2026-10-02,scheduled
Maplesville,,Central-Hayneville,,7,regular,,2026-10-09,scheduled
Red Level,,Central-Hayneville,,8,regular,,2026-10-16,scheduled
Central-Hayneville,,Georgiana,,9,regular,,2026-10-23,scheduled
Pell City,3,Central-Phenix City,54,1,regular,,2026-08-28,final
Central-Phenix City,49,JAG,0,2,regular,,2026-09-03,final
Opelika,,Central-Phenix City,,3,regular,,2026-09-11,scheduled
Dothan,,Central-Phenix City,,6,regular,,2026-10-02,scheduled
Smiths Station,,Central-Phenix City,,7,regular,,2026-10-09,scheduled
Central-Phenix City,,Enterprise,,9,regular,,2026-10-23,scheduled
Clay-Chalkville,,Central-Phenix City,,10,regular,,2026-10-30,scheduled
Central-Tuscaloosa,42,Tuscaloosa County,7,1,regular,,2026-08-28,final
Hillcrest-Tuscaloosa,,Central-Tuscaloosa,,3,regular,,2026-09-11,scheduled
Central-Tuscaloosa,,Paul Bryant,,4,regular,,2026-09-18,scheduled
Central-Tuscaloosa,,Hueytown,,7,regular,,2026-10-09,scheduled
McAdory,,Central-Tuscaloosa,,8,regular,,2026-10-16,scheduled
Northridge,,Central-Tuscaloosa,,9,regular,,2026-10-23,scheduled
Hope Christian,13,Charles Henderson,38,1,regular,,2026-08-28,final
Valley,31,Charles Henderson,14,2,regular,,"Sep. 4, 2026",final
Elmore County,,Charles Henderson,,4,regular,,2026-09-18,scheduled
Charles Henderson,,Tallassee,,6,regular,,2026-10-02,scheduled
Marbury,,Charles Henderson,,7,regular,,2026-10-09,scheduled
Charles Henderson,,Holtville,,8,regular,,2026-10-16,scheduled
Charles Henderson,,Greenville,,9,regular,,2026-10-22,scheduled
Charles Henderson,,New Brockton,,10,regular,,2026-10-30,scheduled
Chelsea,15,Gardendale,37,1,regular,,2026-08-28,final
Chelsea,,Ramsay,,3,regular,,2026-09-11,scheduled
Chelsea,,Pelham,,4,regular,,2026-09-18,scheduled
Chelsea,,Helena,,6,regular,,2026-10-02,scheduled
Homewood,,Chelsea,,7,regular,,2026-10-08,scheduled
Mountain Brook,,Chelsea,,8,regular,,2026-10-16,scheduled
Chelsea,,Chilton County,,9,regular,,2026-10-23,scheduled
Meek,,Cherokee,,3,regular,,2026-09-11,scheduled
Cherokee,,Red Bay,,4,regular,,2026-09-18,scheduled
Vina,,Cherokee,,5,regular,,2026-09-25,scheduled
Cherokee,,Phillips,,6,regular,,2026-10-02,scheduled
Hackleburg,,Cherokee,,8,regular,,2026-10-16,scheduled
Cherokee,,Waterloo,,9,regular,,2026-10-23,scheduled
Cherokee County,6,Piedmont,26,1,regular,,2026-08-28,final
Hayden,27,Cherokee County,49,2,regular,,2026-09-04,final
Guntersville,,Cherokee County,,4,regular,,2026-09-18,scheduled
Jacksonville,,Cherokee County,,5,regular,,2026-09-25,scheduled
Cherokee County,,Scottsboro,,6,regular,,2026-10-02,scheduled
Sardis,,Cherokee County,,7,regular,,2026-10-09,scheduled
Cherokee County,,Good Hope,,8,regular,,2026-10-16,scheduled
Crossville,,Cherokee County,,9,regular,,2026-10-23,scheduled
Cherokee County,,Fairview,,10,regular,,2026-10-30,scheduled
Chickasaw,6,Luverne,63,2,regular,,"Sep. 4, 2026",final
JU Blacksher,,Chickasaw,,3,regular,,2026-09-11,scheduled
Chickasaw,,Clarke County,,4,regular,,2026-09-18,scheduled
Chickasaw,,Elberta,,5,regular,,2026-09-25,scheduled
Hillcrest-Evergreen,,Chickasaw,,7,regular,,2026-10-09,scheduled
Chickasaw,,Thomasville,,8,regular,,2026-10-16,scheduled
Monroe County,,Chickasaw,,9,regular,,2026-10-23,scheduled
Cottage Hill Christian,,Chickasaw,,10,regular,,2026-10-30,scheduled
Fayetteville,22,Childersburg,26,1,regular,,2026-08-28,final
Childersburg,28,Munford,10,2,regular,,2026-09-04,final
Weaver,,Childersburg,,4,regular,,2026-09-18,scheduled
Cleburne County,,Childersburg,,6,regular,,2026-10-02,scheduled
White Plains,,Childersburg,,7,regular,,2026-10-09,scheduled
Childersburg,,Handley,,8,regular,,2026-10-16,scheduled
Childersburg,,Talladega,,9,regular,,2026-10-22,scheduled
Saks,,Childersburg,,10,regular,,2026-10-30,scheduled
Chilton County,7,Marbury,35,1,regular,,2026-08-28,final
Chilton County,6,Ramsay,40,2,regular,,"Sep. 4, 2026",final
Chilton County,,Mountain Brook,,4,regular,,2026-09-18,scheduled
Pelham,,Chilton County,,6,regular,,2026-10-02,scheduled
Helena,,Chilton County,,7,regular,,2026-10-09,scheduled
Chilton County,,Homewood,,8,regular,,2026-10-16,scheduled
Chilton County,,Jemison,,10,regular,,2026-10-30,scheduled
Choctaw County,14,Greene County,22,1,regular,,2026-08-28,final
McIntosh,36,Choctaw County,30,2,regular,,2026-09-04,final
Choctaw County,,Southern Choctaw,,3,regular,,2026-09-11,scheduled
Leroy,,Choctaw County,,4,regular,,2026-09-18,scheduled
Choctaw County,,Washington County,,6,regular,,2026-10-02,scheduled
Marengo,,Choctaw County,,7,regular,,2026-10-09,scheduled
Choctaw County,,Fruitdale,,8,regular,,2026-10-16,scheduled
Choctaw County,,Millry,,9,regular,,2026-10-23,scheduled
St. Luke's,,Choctaw County,,10,regular,,2026-10-29,scheduled
Citronelle,56,Washington County,19,1,regular,,2026-08-28,final
Vigor,,Citronelle,,3,regular,,2026-09-11,scheduled
Citronelle,,LeFlore,,4,regular,,2026-09-18,scheduled
Citronelle,,Monroe County,,5,regular,,2026-09-25,scheduled
Citronelle,,Williamson,,7,regular,,2026-10-09,scheduled
Satsuma,,Citronelle,,8,regular,,2026-10-16,scheduled
Citronelle,,Orange Beach,,9,regular,,2026-10-23,scheduled
Citronelle,,Escambia County,,10,regular,,2026-10-29,scheduled
Clarke County,27,Leroy,8,1,regular,,2026-08-28,final
Clarke County,21,JU Blacksher,20,2,regular,,2026-09-04,final
Millry,,Clarke County,,5,regular,,2026-09-25,scheduled
Clarke County,,Hillcrest-Evergreen,,6,regular,,2026-10-02,scheduled
Thomasville,,Clarke County,,7,regular,,2026-10-09,scheduled
Clarke County,,Monroe County,,8,regular,,2026-10-16,scheduled
Luverne,,Clarke County,,9,regular,,2026-10-23,scheduled
Northview FL,,Clarke County,,10,regular,,2026-10-30,scheduled
Thompson,37,Clay-Chalkville,13,1,regular,,2026-08-27,final
Springville,0,Clay-Chalkville,68,2,regular,,"Sep. 4, 2026",final
Clay-Chalkville,,Southside-Gadsden,,3,regular,,2026-09-11,scheduled
Clay-Chalkville,,Oxford,,4,regular,,2026-09-18,scheduled
Clay-Chalkville,,Pell City,,6,regular,,2026-10-02,scheduled
Clay-Chalkville,,Pinson Valley,,7,regular,,2026-10-09,scheduled
St. Clair County,,Clay-Chalkville,,8,regular,,2026-10-16,scheduled
Cleburne County,49,West Point,7,1,regular,,2026-08-28,final
White Plains,6,Cleburne County,42,2,regular,,"Sep. 4, 2026",final
Cleburne County,,Talladega,,3,regular,,2026-09-11,scheduled
Handley,,Cleburne County,,7,regular,,2026-10-09,scheduled
Cleburne County,,Munford,,8,regular,,2026-10-16,scheduled
Weaver,,Cleburne County,,9,regular,,2026-10-23,scheduled
Cleburne County,,Springville,,10,regular,,2026-10-30,scheduled
Clements,,Lexington,,1,regular,,2026-08-28,scheduled
Clements,0,West Limestone,20,2,regular,,"Sep. 4, 2026",final
Clements,,Rogers,,3,regular,,2026-09-11,scheduled
Wilson,,Clements,,4,regular,,2026-09-18,scheduled
Clements,,Elkmont,,7,regular,,2026-10-09,scheduled
Lauderdale County,,Clements,,8,regular,,2026-10-16,scheduled
Colbert Heights,,Clements,,9,regular,,2026-10-23,scheduled
Sheffield,,Clements,,10,regular,,2026-10-29,scheduled
Midfield,12,Cleveland,21,2,regular,,"Sep. 4, 2026",final
Cleveland,,Southeastern,,3,regular,,2026-09-11,scheduled
Cleveland,,Cold Springs,,4,regular,,2026-09-18,scheduled
Lamar County,,Cleveland,,6,regular,,2026-10-02,scheduled
Gordo,,Cleveland,,7,regular,,2026-10-09,scheduled
Locust Fork,,Cleveland,,9,regular,,2026-10-23,scheduled
Cleveland,,JB Pennington,,10,regular,,2026-10-30,scheduled
Deshler,58,Colbert County,16,1,regular,,2026-08-28,final
Colbert County,26,Tanner,14,2,regular,,"Sep. 4, 2026",final
Colbert County,,Sheffield,,3,regular,,2026-09-11,scheduled
Phil Campbell,,Colbert County,,4,regular,,2026-09-18,scheduled
Colbert County,,Lexington,,6,regular,,2026-10-02,scheduled
Colbert County,,JB Pennington,,7,regular,,2026-10-09,scheduled
Falkville,,Colbert County,,8,regular,,2026-10-16,scheduled
Winston County,,Colbert County,,9,regular,,2026-10-23,scheduled
Colbert County,,Wilson,,10,regular,,2026-10-30,scheduled
East Lawrence,28,Colbert Heights,18,1,regular,,2026-08-28,final
Lauderdale County,40,Colbert Heights,13,2,regular,,2026-09-04,final
West Limestone,,Colbert Heights,,3,regular,,2026-09-11,scheduled
Colbert Heights,,Rogers,,4,regular,,2026-09-18,scheduled
Colbert Heights,,Wilson,,6,regular,,2026-10-02,scheduled
Elkmont,,Colbert Heights,,8,regular,,2026-10-16,scheduled
Marion County,,Colbert Heights,,10,regular,,2026-10-30,scheduled
Cold Springs,9,Vinemont,0,1,regular,,2026-08-28,final
Locust Fork,42,Cold Springs,0,2,regular,,"Sep. 4, 2026",final
Cold Springs,,Lamar County,,3,regular,,2026-09-11,scheduled
Holly Pond,,Cold Springs,,5,regular,,2026-09-25,scheduled
Cold Springs,,Gordo,,6,regular,,2026-10-02,scheduled
Midfield,,Cold Springs,,7,regular,,2026-10-09,scheduled
Cold Springs,,Southeastern,,8,regular,,2026-10-16,scheduled
Cold Springs,,Tanner,,10,regular,,2026-10-30,scheduled
Ider,,Collinsville,,3,regular,,2026-09-11,scheduled
Collinsville,,Sand Rock,,4,regular,,2026-09-18,scheduled
Collinsville,,Douglas,,5,regular,,2026-09-25,scheduled
Section,,Collinsville,,6,regular,,2026-10-02,scheduled
Collinsville,,North Sand Mountain,,7,regular,,2026-10-09,scheduled
Fyffe,,Collinsville,,8,regular,,2026-10-16,scheduled
Collinsville,,Pisgah,,9,regular,,2026-10-23,scheduled
Valley Head,,Collinsville,,10,regular,,2026-10-29,scheduled
Columbia,42,East Limestone,26,1,regular,,2026-08-28,final
Mae Jemison,42,Columbia,14,2,regular,,"Sep. 3, 2026",final
Columbia,,Fort Payne,,3,regular,,2026-09-11,scheduled
Grissom,,Columbia,,5,regular,,2026-09-25,scheduled
Douglas,,Columbia,,7,regular,,2026-10-09,scheduled
Lee-Huntsville,,Columbia,,9,regular,,2026-10-23,scheduled
Whitesburg Christian,43,Coosa Christian,14,2,regular,,2026-09-04,final
Coosa Christian,,Westbrook Christian,,3,regular,,2026-09-11,scheduled
Coosa Christian,,Mars Hill,,4,regular,,2026-09-18,scheduled
Coosa Christian,,Russellville,,5,regular,,2026-09-25,scheduled
Coosa Christian,,Decatur Heritage,,7,regular,,2026-10-09,scheduled
Lindsay Lane,,Coosa Christian,,8,regular,,2026-10-16,scheduled
Shoals Christian,,Coosa Christian,,9,regular,,2026-10-23,scheduled
Cordova,27,Curry,10,1,regular,,2026-08-28,final
Fultondale,22,Cordova,35,2,regular,,"Sep. 4, 2026",final
Cordova,,Corner,,4,regular,,2026-09-18,scheduled
Hale County,,Cordova,,6,regular,,2026-10-02,scheduled
Cordova,,West Blocton,,7,regular,,2026-10-09,scheduled
Tarrant,,Cordova,,8,regular,,2026-10-16,scheduled
Cordova,,Pleasant Grove,,9,regular,,2026-10-23,scheduled
Cordova,,Dora,,10,regular,,2026-10-30,scheduled
Oneonta,34,Corner,28,1,regular,,2026-08-28,final
Corner,,Pleasant Grove,,3,regular,,2026-09-11,scheduled
Corner,,Gordo,,5,regular,,2026-09-25,scheduled
Fultondale,,Corner,,6,regular,,2026-10-02,scheduled
Tarrant,,Corner,,7,regular,,2026-10-09,scheduled
Corner,,Hale County,,8,regular,,2026-10-16,scheduled
West Blocton,,Corner,,9,regular,,2026-10-23,scheduled
Cottage Hill Christian,7,Mobile Christian,12,2,regular,,"Sep. 4, 2026",final
Providence Christian,,Cottage Hill Christian,,4,regular,,2026-09-18,scheduled
McIntosh,,Cottage Hill Christian,,5,regular,,2026-09-25,scheduled
St. Luke's,,Cottage Hill Christian,,8,regular,,2026-10-16,scheduled
Northside Methodist,,Cottage Hill Christian,,9,regular,,2026-10-23,scheduled
Providence Christian,7,Cottonwood,42,1,regular,,2026-08-28,final
Goshen,0,Cottonwood,50,2,regular,,2026-09-04,final
Cottonwood,,Geneva County,,3,regular,,2026-09-11,scheduled
Cottonwood,,Houston County,,4,regular,,2026-09-17,scheduled
Highland Home,,Cottonwood,,7,regular,,2026-10-09,scheduled
Cottonwood,,Zion Chapel,,8,regular,,2026-10-16,scheduled
Cottonwood,,GW Long,,9,regular,,2026-10-23,scheduled
Scottsboro,62,Crossville,0,1,regular,,2026-08-28,final
Sardis,,Crossville,,3,regular,,2026-09-11,scheduled
Crossville,,Good Hope,,4,regular,,2026-09-18,scheduled
Geraldine,,Crossville,,5,regular,,2026-09-25,scheduled
Crossville,,Guntersville,,6,regular,,2026-10-02,scheduled
Fairview,,Crossville,,8,regular,,2026-10-16,scheduled
Hayden,,Crossville,,10,regular,,2026-10-30,scheduled
Cullman,14,Hartselle,9,1,regular,,2026-08-28,final
Cullman,27,Minor,26,2,regular,,2026-09-04,final
Cullman,,Mortimer Jordan,,3,regular,,2026-09-11,scheduled
Huffman,,Cullman,,4,regular,,2026-09-18,scheduled
Jasper,,Cullman,,6,regular,,2026-10-02,scheduled
Gardendale,,Cullman,,7,regular,,2026-10-09,scheduled
Cullman,,Parker,,8,regular,,2026-10-16,scheduled
Jackson-Olin,,Cullman,,9,regular,,2026-10-23,scheduled
West Morgan,,Cullman,,10,regular,,2026-10-29,scheduled
Curry,58,Danville,7,2,regular,,2026-09-04,final
Fayette County,,Curry,,3,regular,,2026-09-11,scheduled
Curry,,Winfield,,4,regular,,2026-09-18,scheduled
Oakman,,Curry,,6,regular,,2026-10-02,scheduled
Curry,,East Lawrence,,7,regular,,2026-10-09,scheduled
Curry,,Hatton,,8,regular,,2026-10-16,scheduled
Haleyville,,Curry,,9,regular,,2026-10-23,scheduled
Pacelli GA,21,Dadeville,19,1,regular,,2026-08-28,final
Dadeville,34,Randolph County,6,2,regular,,2026-09-04,final
Dadeville,,Reeltown,,4,regular,,2026-09-18,scheduled
Winterboro,,Dadeville,,5,regular,,2026-09-25,scheduled
Lanett,,Dadeville,,7,regular,,2026-10-09,scheduled
Dadeville,,Horseshoe Bend,,8,regular,,2026-10-16,scheduled
Ranburne,,Dadeville,,9,regular,,2026-10-23,scheduled
Houston Academy,7,Dale County,42,1,regular,,2026-08-27,final
Dale County,6,Headland,7,2,regular,,"Sep. 4, 2026",final
Dale County,,Straughn,,3,regular,,2026-09-11,scheduled
Eufaula,,Dale County,,4,regular,,2026-09-18,scheduled
New Brockton,,Dale County,,7,regular,,2026-10-09,scheduled
Samson,14,Daleville,7,1,regular,,2026-08-28,final
Daleville,21,Geneva,28,2,regular,,2026-09-04,final
Daleville,,Wicksburg,,4,regular,,2026-09-18,scheduled
Houston County,,Daleville,,5,regular,,2026-09-25,scheduled
Daleville,,Pike County,,6,regular,,2026-10-02,scheduled
Slocomb,,Daleville,,8,regular,,2026-10-16,scheduled
Keith,44,Dallas County,51,1,regular,,2026-08-28,final
Dallas County,0,Greene County,40,2,regular,,2026-09-04,final
Greensboro,,Dallas County,,3,regular,,2026-09-11,scheduled
Dallas County,,Sumter Central,,4,regular,,2026-09-18,scheduled
Dallas County,,Thorsby,,7,regular,,2026-10-09,scheduled
Isabella,,Dallas County,,8,regular,,2026-10-16,scheduled
Southside-Selma,,Dallas County,,9,regular,,2026-10-23,scheduled
Dallas County,,Wilcox Central,,10,regular,,2026-10-29,scheduled
Danville,29,Falkville,42,1,regular,,2026-08-28,final
Danville,,Haleyville,,3,regular,,2026-09-11,scheduled
Danville,,Fayette County,,4,regular,,2026-09-18,scheduled
Elkmont,,Danville,,5,regular,,2026-09-25,scheduled
Winfield,,Danville,,6,regular,,2026-10-02,scheduled
Oakman,,Danville,,7,regular,,2026-10-09,scheduled
Danville,,East Lawrence,,8,regular,,2026-10-16,scheduled
Hatton,,Danville,,9,regular,,2026-10-23,scheduled
Danville,,St. John Paul II,,10,regular,,2026-10-30,scheduled
Daphne,,Davidson,,4,regular,,2026-09-18,scheduled
Daphne,,Robertsdale,,6,regular,,2026-10-02,scheduled
Foley,,Daphne,,7,regular,,2026-10-09,scheduled
Mary Montgomery,,Daphne,,8,regular,,2026-10-16,scheduled
Daphne,,Fairhope,,9,regular,,2026-10-23,scheduled
Hillcrest-Tuscaloosa,,Daphne,,10,regular,,2026-10-30,scheduled
DAR,12,Ider,39,1,regular,,2026-08-28,final
DAR,,Plainview,,3,regular,,2026-09-11,scheduled
New Hope,,DAR,,4,regular,,2026-09-18,scheduled
DAR,,Section,,5,regular,,2026-09-25,scheduled
Madison County,,DAR,,6,regular,,2026-10-02,scheduled
DAR,,North Jackson,,7,regular,,2026-10-09,scheduled
Geraldine,,DAR,,8,regular,,2026-10-16,scheduled
DAR,,Sylvania,,9,regular,,2026-10-23,scheduled
LeFlore,28,Davidson,27,1,regular,,2026-08-28,final
Davidson,,Robertsdale,,3,regular,,2026-09-11,scheduled
Foley,,Davidson,,6,regular,,2026-10-02,scheduled
Davidson,,Mary Montgomery,,7,regular,,2026-10-09,scheduled
Fairhope,,Davidson,,8,regular,,2026-10-16,scheduled
Decatur,20,Grissom,12,1,regular,,2026-08-28,final
Florence,,Decatur,,4,regular,,2026-09-18,scheduled
Decatur,,Hartselle,,6,regular,,2026-10-02,scheduled
Muscle Shoals,,Decatur,,7,regular,,2026-10-09,scheduled
Decatur,,Russellville,,8,regular,,2026-10-16,scheduled
Decatur,,East Limestone,,9,regular,,2026-10-23,scheduled
Donoho,28,Decatur Heritage,7,1,regular,,2026-08-28,final
Lindsay Lane,,Decatur Heritage,,3,regular,,2026-09-11,scheduled
Westbrook Christian,,Decatur Heritage,,4,regular,,2026-09-18,scheduled
Decatur Heritage,,Woodville,,5,regular,,2026-09-25,scheduled
Decatur Heritage,,Shoals Christian,,6,regular,,2026-10-02,scheduled
Decatur Heritage,,Whitesburg Christian,,8,regular,,2026-10-16,scheduled
Decatur Heritage,,Mars Hill,,9,regular,,2026-10-23,scheduled
Northridge,38,Demopolis,34,1,regular,,2026-08-28,final
Jemison,21,Demopolis,35,2,regular,,"Sep. 4, 2026",final
Demopolis,,Northside,,3,regular,,2026-09-11,scheduled
Holt,,Demopolis,,4,regular,,2026-09-18,scheduled
Demopolis,,Thomasville,,5,regular,,2026-09-25,scheduled
Demopolis,,Sipsey Valley,,6,regular,,2026-10-02,scheduled
Shelby County,,Demopolis,,7,regular,,2026-10-09,scheduled
Selma,,Demopolis,,8,regular,,2026-10-16,scheduled
Demopolis,,Montevallo,,9,regular,,2026-10-23,scheduled
Demopolis,,Marbury,,10,regular,,2026-10-29,scheduled
Lawrence County,14,Deshler,55,2,regular,,"Sep. 4, 2026",final
Deshler,,Hamilton,,3,regular,,2026-09-11,scheduled
Deshler,,Priceville,,4,regular,,2026-09-18,scheduled
West Morgan,,Deshler,,6,regular,,2026-10-02,scheduled
West Point,,Deshler,,9,regular,,2026-10-23,scheduled
Deshler,,Mars Hill,,10,regular,,2026-10-29,scheduled
Ellwood Christian,22,Donoho,41,2,regular,,"Sep. 4, 2026",final
Donoho,,Holy Spirit,,3,regular,,2026-09-11,scheduled
Gaylesville,,Donoho,,5,regular,,2026-09-25,scheduled
Donoho,,Tuscaloosa Academy,,6,regular,,2026-10-02,scheduled
Donoho,,Victory Christian,,8,regular,,2026-10-16,scheduled
Donoho,,Pickens Academy,,9,regular,,2026-10-23,scheduled
Ragland,,Donoho,,10,regular,,2026-10-30,scheduled
Dora,7,Oakman,13,1,regular,,2026-08-28,final
Wenonah,,Dora,,3,regular,,2026-09-11,scheduled
Dora,,Oak Grove,,4,regular,,2026-09-18,scheduled
Shades Valley,,Dora,,6,regular,,2026-10-02,scheduled
Dora,,Fairfield,,7,regular,,2026-10-09,scheduled
Dora,,Woodlawn,,8,regular,,2026-10-16,scheduled
Rickards FL,12,Dothan,7,1,regular,,2026-08-28,final
Smiths Station,12,Dothan,42,2,regular,,"Sep. 4, 2026",final
Dothan,,Enterprise,,4,regular,,2026-09-18,scheduled
Dothan,,Opelika,,7,regular,,2026-10-09,scheduled
JAG,,Dothan,,9,regular,,2026-10-23,scheduled
Dothan,,Crestview FL,,10,regular,,2026-10-29,scheduled
Douglas,47,Westminster Christian,14,1,regular,,2026-08-28,final
Douglas,,Mae Jemison,,3,regular,,2026-09-11,scheduled
Lee-Huntsville,,Douglas,,6,regular,,2026-10-02,scheduled
Fort Payne,,Douglas,,8,regular,,2026-10-16,scheduled
Etowah,,Douglas,,10,regular,,2026-10-30,scheduled
Winfield,27,East Lawrence,42,2,regular,,"Sep. 4, 2026",final
East Lawrence,,Oakman,,3,regular,,2026-09-11,scheduled
Haleyville,,East Lawrence,,4,regular,,2026-09-18,scheduled
East Lawrence,,Hatton,,6,regular,,2026-10-02,scheduled
East Lawrence,,Fayette County,,9,regular,,2026-10-23,scheduled
East Lawrence,,East Limestone,,10,regular,,2026-10-29,scheduled
Hartselle,,East Limestone,,3,regular,,2026-09-11,scheduled
East Limestone,,Russellville,,4,regular,,2026-09-18,scheduled
Florence,,East Limestone,,7,regular,,2026-10-08,scheduled
East Limestone,,Muscle Shoals,,8,regular,,2026-10-16,scheduled
Houston County,10,Elba,40,1,regular,,2026-08-28,final
Elba,44,Kinston,28,2,regular,,2026-09-04,final
Samson,,Elba,,3,regular,,2026-09-11,scheduled
Elba,,GW Long,,5,regular,,2026-09-25,scheduled
Pleasant Home,,Elba,,6,regular,,2026-10-02,scheduled
Florala,,Elba,,9,regular,,2026-10-23,scheduled
Elberta,8,Jay FL,56,1,regular,,2026-08-28,final
Elberta,6,Spanish Fort,35,2,regular,,"Sep. 4, 2026",final
Elberta,,Murphy,,3,regular,,2026-09-11,scheduled
Theodore,,Elberta,,4,regular,,2026-09-18,scheduled
Saraland,,Elberta,,6,regular,,2026-10-01,scheduled
Gulf Shores,,Elberta,,7,regular,,2026-10-09,scheduled
Rogers,27,Elkmont,16,2,regular,,"Sep. 4, 2026",final
Elkmont,,Wilson,,3,regular,,2026-09-11,scheduled
Elkmont,,Lauderdale County,,6,regular,,2026-10-02,scheduled
West Limestone,,Elkmont,,9,regular,,2026-10-23,scheduled
Elkmont,,Hanceville,,10,regular,,2026-10-30,scheduled
Opp,47,Ellwood Christian,12,1,regular,,2026-08-28,final
Victory Christian,,Ellwood Christian,,3,regular,,2026-09-11,scheduled
Ellwood Christian,,Holy Spirit,,4,regular,,2026-09-18,scheduled
University Charter,,Ellwood Christian,,5,regular,,2026-09-25,scheduled
Pickens Academy,,Ellwood Christian,,6,regular,,2026-10-02,scheduled
Tuscaloosa Academy,,Ellwood Christian,,7,regular,,2026-10-09,scheduled
Ellwood Christian,,Hope Christian,,8,regular,,2026-10-16,scheduled
Marbury,35,Elmore County,6,2,regular,,"Sep. 4, 2026",final
Holtville,,Elmore County,,3,regular,,2026-09-11,scheduled
Greenville,,Elmore County,,6,regular,,2026-10-02,scheduled
Elmore County,,Valley,,7,regular,,2026-10-09,scheduled
Elmore County,,Tallassee,,9,regular,,2026-10-23,scheduled
Reeltown,,Elmore County,,10,regular,,2026-10-30,scheduled
Enterprise,58,Crestview FL,12,1,regular,,2026-08-28,final
Opelika,38,Enterprise,21,2,regular,,2026-09-04,final
Enterprise,,Smiths Station,,6,regular,,2026-10-02,scheduled
Enterprise,,JAG,,8,regular,,2026-10-16,scheduled
Tarrant,6,Escambia County,50,1,regular,,2026-08-28,final
Escambia County,13,Jackson,14,2,regular,,2026-09-04,final
Wilcox Central,,Escambia County,,3,regular,,2026-09-11,scheduled
WS Neal,,Escambia County,,4,regular,,2026-09-18,scheduled
Escambia County,,Flomaton,,6,regular,,2026-10-02,scheduled
Escambia County,,TR Miller,,7,regular,,2026-10-09,scheduled
Excel,,Escambia County,,8,regular,,2026-10-16,scheduled
Escambia County,,Opp,,9,regular,,2026-10-23,scheduled
Etowah,34,Hokes Bluff,21,2,regular,,"Sep. 4, 2026",final
Etowah,,Glencoe,,3,regular,,2026-09-11,scheduled
Susan Moore,,Etowah,,4,regular,,2026-09-18,scheduled
Southside-Gadsden,,Etowah,,5,regular,,2026-09-25,scheduled
Vinemont,,Etowah,,6,regular,,2026-10-02,scheduled
Etowah,,Hanceville,,7,regular,,2026-10-09,scheduled
Oneonta,,Etowah,,8,regular,,2026-10-16,scheduled
Holly Pond,,Etowah,,9,regular,,2026-10-23,scheduled
New Brockton,,Eufaula,,3,regular,,2026-09-11,scheduled
Stanhope Elmore,,Eufaula,,5,regular,,2026-09-25,scheduled
Headland,,Eufaula,,6,regular,,2026-10-02,scheduled
Eufaula,,Straughn,,8,regular,,2026-10-16,scheduled
Excel,26,Wilcox Central,14,2,regular,,2026-09-04,final
Excel,,WS Neal,,3,regular,,2026-09-11,scheduled
Excel,,Flomaton,,4,regular,,2026-09-18,scheduled
JU Blacksher,,Excel,,5,regular,,2026-09-25,scheduled
TR Miller,,Excel,,6,regular,,2026-10-02,scheduled
Opp,,Excel,,7,regular,,2026-10-09,scheduled
Jackson,,Excel,,9,regular,,2026-10-23,scheduled
Excel,,Monroe County,,10,regular,,2026-10-30,scheduled
Jackson-Olin,32,Fairfield,23,1,regular,,2026-08-27,final
Oak Grove,33,Fairfield,19,2,regular,,"Sep. 4, 2026",final
Fairfield,,Shades Valley,,3,regular,,2026-09-11,scheduled
Fairfield,,Huffman,,5,regular,,2026-09-25,scheduled
Fairfield,,Woodlawn,,6,regular,,2026-10-02,scheduled
Fairfield,,Wenonah,,9,regular,,2026-10-23,scheduled
Fairhope,42,Foley,28,2,regular,,2026-09-04,final
Mary Montgomery,,Fairhope,,3,regular,,2026-09-11,scheduled
Robertsdale,,Fairhope,,4,regular,,2026-09-18,scheduled
Fairhope,,Vigor,,10,regular,,2026-10-30,scheduled
Fairview,19,Hayden,12,1,regular,,2026-08-28,final
Scottsboro,48,Fairview,7,2,regular,,2026-09-04,final
Fairview,,Guntersville,,3,regular,,2026-09-11,scheduled
Sardis,,Fairview,,4,regular,,2026-09-18,scheduled
Good Hope,,Fairview,,7,regular,,2026-10-09,scheduled
Bay MS,7,Faith Academy,35,1,regular,,2026-08-28,final
Faith Academy,7,Montgomery Catholic,38,2,regular,,2026-09-04,final
UMS-Wright,,Faith Academy,,3,regular,,2026-09-11,scheduled
Faith Academy,,McGill-Toolen,,4,regular,,2026-09-18,scheduled
Murphy,,Faith Academy,,5,regular,,2026-09-25,scheduled
St. Michael,,Faith Academy,,6,regular,,2026-10-02,scheduled
St. Paul's,,Faith Academy,,7,regular,,2026-10-09,scheduled
Faith Academy,,Houston Academy,,8,regular,,2026-10-16,scheduled
Faith Academy,,Glenwood,,9,regular,,2026-10-23,scheduled
Faith Academy,,LeFlore,,10,regular,,2026-10-30,scheduled
Falkville,44,Winston County,8,2,regular,,2026-09-04,final
Lexington,,Falkville,,3,regular,,2026-09-11,scheduled
Falkville,,Tanner,,4,regular,,2026-09-18,scheduled
JB Pennington,,Falkville,,6,regular,,2026-10-02,scheduled
Sheffield,,Falkville,,7,regular,,2026-10-09,scheduled
Falkville,,Phil Campbell,,9,regular,,2026-10-23,scheduled
Falkville,,Holly Pond,,10,regular,,2026-10-30,scheduled
Fayette County,33,Lamar County,6,1,regular,,2026-08-28,final
Hatton,40,Fayette County,0,2,regular,,2026-09-04,final
Fayette County,,Haleyville,,6,regular,,2026-10-02,scheduled
Fayette County,,Winfield,,7,regular,,2026-10-09,scheduled
Fayette County,,Oakman,,8,regular,,2026-10-16,scheduled
South Lamar,,Fayette County,,10,regular,,2026-10-30,scheduled
LaFayette,,Fayetteville,,3,regular,,2026-09-11,scheduled
Fayetteville,,Notasulga,,4,regular,,2026-09-18,scheduled
Winterboro,,Fayetteville,,6,regular,,2026-10-02,scheduled
Fayetteville,,Loachapoka,,7,regular,,2026-10-09,scheduled
Fayetteville,,Wadley,,8,regular,,2026-10-16,scheduled
Woodland,,Fayetteville,,9,regular,,2026-10-23,scheduled
Hope Christian,,Fayetteville,,10,regular,,2026-10-30,scheduled
Flomaton,20,Opp,28,2,regular,,"Sep. 4, 2026",final
Flomaton,,TR Miller,,3,regular,,2026-09-11,scheduled
Flomaton,,Southern Choctaw,,5,regular,,2026-09-25,scheduled
Flomaton,,Jackson,,7,regular,,2026-10-09,scheduled
Flomaton,,Wilcox Central,,8,regular,,2026-10-16,scheduled
WS Neal,,Flomaton,,9,regular,,2026-10-23,scheduled
Satsuma,,Flomaton,,10,regular,,2026-10-30,scheduled
Geneva,14,Florala,19,1,regular,,2026-08-28,final
Florala,,Kinston,,4,regular,,2026-09-18,scheduled
Samson,,Florala,,6,regular,,2026-10-02,scheduled
Pleasant Home,,Florala,,8,regular,,2026-10-16,scheduled
Red Level,,Florala,,10,regular,,2026-10-30,scheduled
Florence,50,Jasper,21,1,regular,,2026-08-28,final
Muscle Shoals,0,Florence,7,2,regular,,2026-09-04,final
Russellville,,Florence,,3,regular,,2026-09-11,scheduled
Florence,,Hartselle,,9,regular,,2026-10-23,scheduled
Fort Payne,,Florence,,10,regular,,2026-10-30,scheduled
Foley,28,Spanish Fort,25,1,regular,,,final
Robertsdale,,Foley,,8,regular,,2026-10-16,scheduled
Foley,,Mary Montgomery,,9,regular,,2026-10-23,scheduled
St. Michael,,Foley,,10,regular,,2026-10-30,scheduled
St. Luke's,20,Fort Dale,21,1,regular,,2026-08-28,final
St. James,,Fort Dale,,3,regular,,2026-09-11,scheduled
Trinity,,Fort Dale,,4,regular,,2026-09-18,scheduled
Fort Dale,,Goshen,,5,regular,,2026-09-25,scheduled
Fort Dale,,Pike Liberal Arts,,6,regular,,2026-10-02,scheduled
Fort Dale,,Montgomery Academy,,8,regular,,2026-10-16,scheduled
Prattville Christian,,Fort Dale,,9,regular,,2026-10-23,scheduled
Fort Dale,,Northside Methodist,,10,regular,,2026-10-29,scheduled
Fort Payne,17,Gadsden City,21,1,regular,,2026-08-28,final
Lee-Huntsville,7,Fort Payne,37,2,regular,,2026-09-03,final
Fort Payne,,Mae Jemison,,4,regular,,2026-09-18,scheduled
Francis Marion,6,Linden,44,2,regular,,"Sep. 4, 2026",final
Francis Marion,,RC Hatch,,3,regular,,2026-09-11,scheduled
University Charter,,Francis Marion,,4,regular,,2026-09-18,scheduled
Keith,,Francis Marion,,7,regular,,2026-10-09,scheduled
Francis Marion,,JF Shields,,8,regular,,2026-10-16,scheduled
Francis Marion,,Sweet Water,,9,regular,,2026-10-23,scheduled
Fruitdale,,Bayshore Christian,,1,regular,,2026-08-28,scheduled
Fruitdale,20,Millry,12,2,regular,,2026-09-03,final
Leroy,,Fruitdale,,3,regular,,2026-09-11,scheduled
Fruitdale,,Southern Choctaw,,4,regular,,2026-09-18,scheduled
Fruitdale,,St. Luke's,,5,regular,,2026-09-25,scheduled
Marengo,,Fruitdale,,6,regular,,2026-10-02,scheduled
Fruitdale,,Washington County,,7,regular,,2026-10-09,scheduled
Fruitdale,,McIntosh,,9,regular,,2026-10-23,scheduled
Pickens Academy,,Fruitdale,,10,regular,,2026-10-30,scheduled
Tarrant,,Fultondale,,3,regular,,2026-09-11,scheduled
Fultondale,,West Blocton,,4,regular,,2026-09-18,scheduled
Fultondale,,Gadsden City,,5,regular,,2026-09-25,scheduled
Hale County,,Fultondale,,7,regular,,2026-10-09,scheduled
Fultondale,,Pleasant Grove,,8,regular,,2026-10-16,scheduled
Fyffe,49,Sylvania,0,1,regular,,2026-08-28,final
Section,0,Fyffe,56,2,regular,,2026-09-04,final
Fyffe,,Pisgah,,3,regular,,2026-09-11,scheduled
Ider,,Fyffe,,6,regular,,2026-10-02,scheduled
Sand Rock,,Fyffe,,7,regular,,2026-10-09,scheduled
North Sand Mountain,,Fyffe,,9,regular,,2026-10-23,scheduled
Fyffe,,Westbrook Christian,,10,regular,,2026-10-30,scheduled
Gadsden City,14,Sparkman,42,2,regular,,"Sep. 4, 2026",final
James Clemens,,Gadsden City,,3,regular,,2026-09-11,scheduled
Gadsden City,,Hazel Green,,4,regular,,2026-09-18,scheduled
Gadsden City,,Grissom,,6,regular,,2026-10-02,scheduled
Huntsville,,Gadsden City,,7,regular,,2026-10-09,scheduled
Gardendale,21,Jackson-Olin,20,2,regular,,2026-09-04,final
Gardendale,,Jasper,,3,regular,,2026-09-11,scheduled
Mortimer Jordan,,Gardendale,,4,regular,,2026-09-18,scheduled
Minor,,Gardendale,,6,regular,,2026-10-02,scheduled
Gardendale,,Huffman,,8,regular,,2026-10-16,scheduled
Parker,,Gardendale,,9,regular,,2026-10-22,scheduled
Gaston,60,West End,36,2,regular,,2026-09-04,final
Pleasant Valley,,Gaston,,3,regular,,2026-09-11,scheduled
Piedmont,,Gaston,,4,regular,,2026-09-18,scheduled
Gaston,,Saks,,6,regular,,2026-10-02,scheduled
Vincent,,Gaston,,7,regular,,2026-10-09,scheduled
Gaston,,Walter Wellborn,,8,regular,,2026-10-16,scheduled
Gaston,,Ohatchee,,9,regular,,2026-10-23,scheduled
Gaylesville,42,Lindsay Lane,0,1,regular,,2026-08-28,final
Valley Head,30,Gaylesville,38,2,regular,,2026-09-04,final
Spring Garden,,Gaylesville,,3,regular,,2026-09-11,scheduled
Gaylesville,,Woodville,,4,regular,,2026-09-18,scheduled
Ragland,,Gaylesville,,8,regular,,2026-10-16,scheduled
Verbena,,Gaylesville,,10,regular,,2026-10-30,scheduled
Pike Liberal Arts,,Geneva,,5,regular,,2026-09-25,scheduled
Wicksburg,,Geneva,,6,regular,,2026-10-02,scheduled
Pike County,,Geneva,,7,regular,,2026-10-09,scheduled
Geneva,,Slocomb,,9,regular,,2026-10-23,scheduled
Geneva County,28,Kinston,47,1,regular,,2026-08-27,final
Geneva County,62,Houston County,31,2,regular,,2026-09-04,final
Geneva County,,Highland Home,,4,regular,,2026-09-18,scheduled
Geneva County,,Zion Chapel,,6,regular,,2026-10-02,scheduled
GW Long,,Geneva County,,7,regular,,2026-10-09,scheduled
Geneva County,,Goshen,,8,regular,,2026-10-16,scheduled
Slocomb,,Geneva County,,10,regular,,2026-10-29,scheduled
Georgiana,,McKenzie,,3,regular,,2026-09-11,scheduled
Georgiana,,Red Level,,4,regular,,2026-09-18,scheduled
Georgiana,,Loachapoka,,5,regular,,2026-09-25,scheduled
Verbena,,Georgiana,,6,regular,,2026-10-02,scheduled
Maplesville,,Georgiana,,8,regular,,2026-10-16,scheduled
North Jackson,6,Geraldine,35,2,regular,,2026-09-04,final
Madison County,,Geraldine,,3,regular,,2026-09-11,scheduled
Geraldine,,Sylvania,,4,regular,,2026-09-18,scheduled
Geraldine,,Plainview,,6,regular,,2026-10-02,scheduled
New Hope,,Geraldine,,9,regular,,2026-10-23,scheduled
Geraldine,,Lee-Huntsville,,10,regular,,2026-10-30,scheduled
Glencoe,42,Susan Moore,13,2,regular,,"Sep. 4, 2026",final
Glencoe,,Hanceville,,4,regular,,2026-09-18,scheduled
Ohatchee,,Glencoe,,5,regular,,2026-09-25,scheduled
Oneonta,,Glencoe,,6,regular,,2026-10-02,scheduled
Holly Pond,,Glencoe,,7,regular,,2026-10-09,scheduled
Glencoe,,Vinemont,,8,regular,,2026-10-16,scheduled
Hokes Bluff,,Glencoe,,9,regular,,2026-10-23,scheduled
Glencoe,,White Plains,,10,regular,,2026-10-30,scheduled
Good Hope,35,Guntersville,21,2,regular,,"Sep. 4, 2026",final
West Point,,Good Hope,,5,regular,,2026-09-25,scheduled
Good Hope,,Sardis,,6,regular,,2026-10-02,scheduled
Good Hope,,Hayden,,9,regular,,2026-10-23,scheduled
Scottsboro,,Good Hope,,10,regular,,2026-10-30,scheduled
Gordo,56,Southeastern,7,2,regular,,2026-09-04,final
Gordo,,Locust Fork,,3,regular,,2026-09-11,scheduled
Lamar County,,Gordo,,8,regular,,2026-10-16,scheduled
Midfield,,Gordo,,9,regular,,2026-10-23,scheduled
Goshen,20,Pike County,48,1,regular,,2026-08-28,final
Highland Home,,Goshen,,3,regular,,2026-09-11,scheduled
Goshen,,Zion Chapel,,4,regular,,2026-09-18,scheduled
Goshen,,GW Long,,6,regular,,2026-10-02,scheduled
Houston County,,Goshen,,9,regular,,2026-10-23,scheduled
Greene County,,Southside-Selma,,3,regular,,2026-09-11,scheduled
Greene County,,Thorsby,,4,regular,,2026-09-18,scheduled
RC Hatch,,Greene County,,5,regular,,2026-09-25,scheduled
Isabella,,Greene County,,6,regular,,2026-10-02,scheduled
Greene County,,Sumter Central,,7,regular,,2026-10-09,scheduled
Greene County,,Greensboro,,9,regular,,2026-10-23,scheduled
Greensboro,0,University Charter,44,1,regular,,2026-08-28,final
Southside-Selma,0,Greensboro,22,2,regular,,"Sep. 4, 2026",final
Greensboro,,Isabella,,4,regular,,2026-09-18,scheduled
Thorsby,,Greensboro,,6,regular,,2026-10-02,scheduled
Greensboro,,Sumter Central,,8,regular,,2026-10-16,scheduled
Greensboro,,Hale County,,10,regular,,2026-10-30,scheduled
Greenville,,Valley,,3,regular,,2026-09-11,scheduled
Tallassee,,Greenville,,4,regular,,2026-09-18,scheduled
Holtville,,Greenville,,7,regular,,2026-10-09,scheduled
Greenville,,Marbury,,8,regular,,2026-10-16,scheduled
JAG,,Greenville,,10,regular,,2026-10-30,scheduled
Huntsville,40,Grissom,13,2,regular,,"Sep. 4, 2026",final
Grissom,,James Clemens,,4,regular,,2026-09-17,scheduled
Grissom,,Sparkman,,8,regular,,2026-10-16,scheduled
Hazel Green,,Grissom,,9,regular,,2026-10-23,scheduled
Gulf Shores,34,St. Paul's,10,1,regular,,2026-08-28,final
Saraland,24,Gulf Shores,34,2,regular,,2026-09-04,final
Murphy,,Gulf Shores,,4,regular,,2026-09-18,scheduled
Spanish Fort,,Gulf Shores,,8,regular,,2026-10-16,scheduled
Gulf Shores,,Theodore,,9,regular,,2026-10-23,scheduled
Guntersville,38,Sardis,0,1,regular,,2026-08-28,final
Guntersville,,Hayden,,7,regular,,2026-10-09,scheduled
Scottsboro,,Guntersville,,8,regular,,2026-10-16,scheduled
GW Long,,Pike Liberal Arts,,1,regular,,2026-08-28,scheduled
GW Long,31,Highland Home,21,2,regular,,"Sep. 4, 2026",final
Zion Chapel,,GW Long,,3,regular,,2026-09-11,scheduled
Houston County,,GW Long,,8,regular,,2026-10-16,scheduled
Hackleburg,34,Marion County,27,1,regular,,2026-08-28,final
Hackleburg,37,Meek,16,2,regular,,"Sep. 4, 2026",final
Hackleburg,,Waterloo,,3,regular,,2026-09-11,scheduled
Lynn,,Hackleburg,,5,regular,,2026-09-25,scheduled
Hackleburg,,Red Bay,,6,regular,,2026-10-02,scheduled
Phillips,,Hackleburg,,7,regular,,2026-10-09,scheduled
Hackleburg,,Phil Campbell,,10,regular,,2026-10-30,scheduled
Hale County,0,Northside,38,1,regular,,2026-08-28,final
Pleasant Grove,42,Hale County,6,2,regular,,"Sep. 4, 2026",final
West Blocton,,Hale County,,3,regular,,2026-09-11,scheduled
Hale County,,Tarrant,,9,regular,,2026-10-23,scheduled
Haleyville,14,Wilson,28,1,regular,,2026-08-28,final
Haleyville,27,Oakman,12,2,regular,,"Sep. 4, 2026",final
Hatton,,Haleyville,,7,regular,,2026-10-09,scheduled
Haleyville,,Winfield,,8,regular,,2026-10-16,scheduled
Hamilton,,Haleyville,,10,regular,,2026-10-30,scheduled
Sulligent,8,Hamilton,49,1,regular,,2026-08-28,final
Winfield,,Hamilton,,5,regular,,2026-09-25,scheduled
Priceville,,Hamilton,,6,regular,,2026-10-02,scheduled
West Point,,Hamilton,,7,regular,,2026-10-09,scheduled
Hamilton,,West Morgan,,8,regular,,2026-10-16,scheduled
Hamilton,,Lawrence County,,9,regular,,2026-10-23,scheduled
Tanner,35,Hanceville,6,1,regular,,2026-08-28,final
Vinemont,52,Hanceville,6,2,regular,,2026-09-04,final
Hanceville,,Holly Pond,,3,regular,,2026-09-11,scheduled
Hanceville,,Susan Moore,,6,regular,,2026-10-02,scheduled
Hanceville,,Hokes Bluff,,8,regular,,2026-10-16,scheduled
Hanceville,,Oneonta,,9,regular,,2026-10-23,scheduled
Weaver,0,Handley,60,2,regular,,"Sep. 3, 2026",final
Handley,,White Plains,,3,regular,,2026-09-11,scheduled
Handley,,Talladega,,4,regular,,2026-09-18,scheduled
Munford,,Handley,,9,regular,,2026-10-23,scheduled
Hartselle,21,Russellville,35,2,regular,,"Sep. 4, 2026",final
Muscle Shoals,,Hartselle,,4,regular,,2026-09-18,scheduled
Jasper,,Hartselle,,10,regular,,2026-10-29,scheduled
Hatton,48,Lawrence County,18,1,regular,,2026-08-28,final
Winfield,,Hatton,,3,regular,,2026-09-11,scheduled
Oakman,,Hatton,,4,regular,,2026-09-18,scheduled
Hayden,,Scottsboro,,3,regular,,2026-09-11,scheduled
Springville,,Hayden,,5,regular,,2026-09-25,scheduled
Hayden,,Sardis,,8,regular,,2026-10-16,scheduled
Hazel Green,,Sparkman,,3,regular,,2026-09-11,scheduled
Hazel Green,,Huntsville,,6,regular,,2026-10-02,scheduled
James Clemens,,Hazel Green,,8,regular,,2026-10-16,scheduled
Priceville,,Hazel Green,,10,regular,,2026-10-30,scheduled
Headland,7,Russell County,35,1,regular,,2026-08-28,final
Headland,,New Brockton,,8,regular,,2026-10-16,scheduled
Straughn,,Headland,,9,regular,,2026-10-23,scheduled
Headland,,Rehobeth,,10,regular,,2026-10-29,scheduled
Moody,14,Helena,28,1,regular,,2026-08-27,final
Helena,27,Pelham,21,2,regular,,2026-09-04,final
Mountain Brook,,Helena,,3,regular,,2026-09-11,scheduled
Helena,,Homewood,,4,regular,,2026-09-18,scheduled
Helena,,Pleasant Grove,,5,regular,,2026-09-25,scheduled
Ramsay,,Helena,,8,regular,,2026-10-16,scheduled
Helena,,McAdory,,10,regular,,2026-10-29,scheduled
Hewitt-Trussville,20,Hillcrest-Tuscaloosa,42,1,regular,,2026-08-28,final
Hewitt-Trussville,40,Hoover,24,2,regular,,"Sep. 4, 2026",final
Tuscaloosa County,,Hewitt-Trussville,,3,regular,,2026-09-11,scheduled
Hewitt-Trussville,,Prattville,,4,regular,,2026-09-18,scheduled
Oak Mountain,,Hewitt-Trussville,,6,regular,,2026-10-02,scheduled
Hewitt-Trussville,,Thompson,,7,regular,,2026-10-09,scheduled
Vestavia Hills,,Hewitt-Trussville,,8,regular,,2026-10-16,scheduled
Hewitt-Trussville,,Spain Park,,9,regular,,2026-10-23,scheduled
Pike Road,,Hewitt-Trussville,,10,regular,,2026-10-30,scheduled
Highland Home,7,McKenzie,28,1,regular,,2026-08-28,final
Houston County,,Highland Home,,6,regular,,2026-10-02,scheduled
Zion Chapel,,Highland Home,,9,regular,,2026-10-23,scheduled
Highland Home,,Luverne,,10,regular,,2026-10-30,scheduled
Hillcrest-Evergreen,40,Monroe County,12,2,regular,,"Sep. 4, 2026",final
Luverne,,Hillcrest-Evergreen,,3,regular,,2026-09-11,scheduled
Hillcrest-Evergreen,,JU Blacksher,,4,regular,,2026-09-18,scheduled
TR Miller,,Hillcrest-Evergreen,,5,regular,,2026-09-25,scheduled
Thomasville,,Hillcrest-Evergreen,,9,regular,,2026-10-23,scheduled
Hillcrest-Evergreen,,Jackson,,10,regular,,2026-10-30,scheduled
Hueytown,7,Hillcrest-Tuscaloosa,63,2,regular,,"Sep. 4, 2026",final
Hillcrest-Tuscaloosa,,Northridge,,4,regular,,2026-09-18,scheduled
Hillcrest-Tuscaloosa,,McAdory,,7,regular,,2026-10-09,scheduled
Paul Bryant,,Hillcrest-Tuscaloosa,,8,regular,,2026-10-16,scheduled
Hokes Bluff,0,Southside-Gadsden,35,1,regular,,2026-08-27,final
Susan Moore,,Hokes Bluff,,3,regular,,2026-09-11,scheduled
Hokes Bluff,,Oneonta,,4,regular,,2026-09-18,scheduled
White Plains,,Hokes Bluff,,5,regular,,2026-09-25,scheduled
Hokes Bluff,,Holly Pond,,6,regular,,2026-10-02,scheduled
Vinemont,,Hokes Bluff,,7,regular,,2026-10-09,scheduled
Hokes Bluff,,Munford,,10,regular,,2026-10-30,scheduled
Holly Pond,14,Oneonta,65,2,regular,,"Sep. 4, 2026",final
Holly Pond,,Vinemont,,4,regular,,2026-09-18,scheduled
Susan Moore,,Holly Pond,,8,regular,,2026-10-16,scheduled
Selma,44,Holt,18,2,regular,,2026-09-04,final
Montevallo,,Holt,,3,regular,,2026-09-11,scheduled
Holt,,Northside,,6,regular,,2026-10-02,scheduled
Jemison,,Holt,,7,regular,,2026-10-09,scheduled
Holt,,Sipsey Valley,,8,regular,,2026-10-16,scheduled
Shelby County,,Holt,,9,regular,,2026-10-23,scheduled
Sumter Central,,Holt,,10,regular,,2026-10-30,scheduled
Holtville,34,Shelby County,33,1,regular,,2026-08-28,final
Tallassee,40,Holtville,50,2,regular,,2026-09-04,final
Holtville,,Valley,,4,regular,,2026-09-18,scheduled
Marbury,,Holtville,,9,regular,,2026-10-23,scheduled
Holtville,,Orange Beach,,10,regular,,2026-10-30,scheduled
Holy Spirit,14,JF Shields,30,1,regular,,2026-08-28,final
Holy Spirit,32,Pickens Academy,59,2,regular,,2026-09-04,final
Holy Spirit,,Hope Christian,,6,regular,,2026-10-02,scheduled
Holy Spirit,,Tuscaloosa Academy,,8,regular,,2026-10-16,scheduled
Holy Spirit,,Victory Christian,,9,regular,,2026-10-23,scheduled
Homewood,33,Mountain Brook,13,2,regular,,"Sep. 4, 2026",final
Pelham,,Homewood,,3,regular,,2026-09-11,scheduled
Homewood,,Ramsay,,9,regular,,2026-10-23,scheduled
Homewood,,Oak Mountain,,10,regular,,2026-10-30,scheduled
Opelika,7,Hoover,21,1,regular,,2026-08-27,final
Hoover,,Prattville,,3,regular,,2026-09-11,scheduled
Oak Mountain,,Hoover,,4,regular,,2026-09-18,scheduled
Hoover,,Knoxville Catholic TN,,5,regular,,2026-09-25,scheduled
Hoover,,Thompson,,6,regular,,2026-10-02,scheduled
Vestavia Hills,,Hoover,,7,regular,,2026-10-08,scheduled
Hoover,,Spain Park,,8,regular,,2026-10-16,scheduled
Tuscaloosa County,,Hoover,,9,regular,,2026-10-23,scheduled
Pickens Academy,,Hope Christian,,3,regular,,2026-09-11,scheduled
Victory Christian,,Hope Christian,,4,regular,,2026-09-18,scheduled
Hope Christian,,Tuscaloosa Academy,,9,regular,,2026-10-23,scheduled
Horseshoe Bend,12,Lanett,35,2,regular,,"Sep. 4, 2026",final
Reeltown,,Horseshoe Bend,,3,regular,,2026-09-11,scheduled
Horseshoe Bend,,Ranburne,,4,regular,,2026-09-18,scheduled
Randolph County,,Horseshoe Bend,,6,regular,,2026-10-02,scheduled
Victory Christian,,Horseshoe Bend,,10,regular,,2026-10-30,scheduled
Houston Academy,7,Glenwood,38,2,regular,,2026-09-04,final
Montgomery Catholic,,Houston Academy,,3,regular,,2026-09-11,scheduled
UMS-Wright,,Houston Academy,,4,regular,,2026-09-18,scheduled
Houston Academy,,McGill-Toolen,,6,regular,,2026-10-02,scheduled
St. Michael,,Houston Academy,,7,regular,,2026-10-09,scheduled
Houston Academy,,St. Paul's,,9,regular,,2026-10-22,scheduled
Houston Academy,,Providence Christian,,10,regular,,2026-10-30,scheduled
Zion Chapel,,Houston County,,7,regular,,2026-10-09,scheduled
Hubbertville,14,Tuscaloosa Academy,32,1,regular,,2026-08-28,final
South Lamar,,Hubbertville,,3,regular,,2026-09-11,scheduled
Marion County,,Hubbertville,,4,regular,,2026-09-18,scheduled
West Blocton,,Hubbertville,,5,regular,,2026-09-25,scheduled
Sulligent,,Hubbertville,,6,regular,,2026-10-02,scheduled
Pickens County,,Hubbertville,,8,regular,,2026-10-16,scheduled
Hubbertville,,Lynn,,9,regular,,2026-10-23,scheduled
Pike Road,45,Hueytown,13,1,regular,,2026-08-28,final
Paul Bryant,,Hueytown,,3,regular,,2026-09-11,scheduled
McAdory,,Hueytown,,6,regular,,2026-10-02,scheduled
Northridge,,Hueytown,,8,regular,,2026-10-16,scheduled
Hueytown,,Stanhope Elmore,,10,regular,,2026-10-30,scheduled
Jasper,35,Huffman,34,2,regular,,2026-09-04,final
Minor,,Huffman,,3,regular,,2026-09-11,scheduled
Parker,,Huffman,,6,regular,,2026-10-02,scheduled
Huffman,,Jackson-Olin,,7,regular,,2026-10-08,scheduled
Huffman,,Mortimer Jordan,,9,regular,,2026-10-23,scheduled
Huntsville,28,Mae Jemison,18,1,regular,,2026-08-27,final
Sparkman,,Huntsville,,4,regular,,2026-09-18,scheduled
James Clemens,,Huntsville,,9,regular,,2026-10-23,scheduled
Muscle Shoals,,Huntsville,,10,regular,,2026-10-29,scheduled
Sand Rock,35,Ider,36,2,regular,,2026-09-04,final
North Sand Mountain,,Ider,,4,regular,,2026-09-18,scheduled
Pisgah,,Ider,,7,regular,,2026-10-09,scheduled
Ider,,Section,,9,regular,,2026-10-23,scheduled
Maplesville,48,Isabella,7,1,regular,,2026-08-28,final
Sumter Central,12,Isabella,48,2,regular,,"Sep. 4, 2026",final
Southside-Selma,,Isabella,,7,regular,,2026-10-09,scheduled
Isabella,,Thorsby,,9,regular,,2026-10-23,scheduled
Isabella,,McKenzie,,10,regular,,2026-10-29,scheduled
Opp,,Jackson,,3,regular,,2026-09-11,scheduled
Jackson,,Wilcox Central,,4,regular,,2026-09-18,scheduled
WS Neal,,Jackson,,6,regular,,2026-10-02,scheduled
Jackson,,TR Miller,,8,regular,,2026-10-16,scheduled
Jackson-Olin,,Parker,,3,regular,,2026-09-11,scheduled
Jackson-Olin,,Shades Valley,,5,regular,,2026-09-25,scheduled
Jackson-Olin,,Mortimer Jordan,,6,regular,,2026-10-01,scheduled
Minor,,Jackson-Olin,,8,regular,,2026-10-16,scheduled
Oxford,31,Jacksonville,21,1,regular,,2026-08-28,final
Jacksonville,16,Lincoln,13,2,regular,,"Sep. 4, 2026",final
Jacksonville,,Sylacauga,,3,regular,,2026-09-11,scheduled
Jacksonville,,Leeds,,7,regular,,2026-10-09,scheduled
Moody,,Jacksonville,,8,regular,,2026-10-16,scheduled
JAG,,Smiths Station,,3,regular,,2026-09-11,scheduled
Opelika,,JAG,,4,regular,,2026-09-18,scheduled
JAG,,Montgomery Academy,,5,regular,,2026-09-25,scheduled
Parker,34,James Clemens,7,1,regular,,2026-08-28,final
Sparkman,,James Clemens,,7,regular,,2026-10-09,scheduled
Spain Park,,James Clemens,,10,regular,,2026-10-29,scheduled
Jasper,,Jackson-Olin,,4,regular,,2026-09-18,scheduled
Parker,,Jasper,,7,regular,,2026-10-09,scheduled
Jasper,,Mortimer Jordan,,8,regular,,2026-10-16,scheduled
Minor,,Jasper,,9,regular,,2026-10-23,scheduled
JB Pennington,14,Locust Fork,42,1,regular,,2026-08-28,final
Sheffield,25,JB Pennington,49,2,regular,,2026-09-04,final
JB Pennington,,Phil Campbell,,3,regular,,2026-09-11,scheduled
Lexington,,JB Pennington,,4,regular,,2026-09-18,scheduled
JB Pennington,,Winston County,,8,regular,,2026-10-16,scheduled
Tanner,,JB Pennington,,9,regular,,2026-10-23,scheduled
St. James,14,Jemison,19,1,regular,,2026-08-28,final
Jemison,,Shelby County,,3,regular,,2026-09-11,scheduled
Northside,,Jemison,,4,regular,,2026-09-18,scheduled
Selma,,Jemison,,6,regular,,2026-10-02,scheduled
Montevallo,,Jemison,,8,regular,,2026-10-16,scheduled
Jemison,,Sipsey Valley,,9,regular,,2026-10-23,scheduled
JF Shields,36,Keith,14,2,regular,,"Sep. 4, 2026",final
Linden,,JF Shields,,3,regular,,2026-09-11,scheduled
JF Shields,,RC Hatch,,4,regular,,2026-09-18,scheduled
Sweet Water,,JF Shields,,6,regular,,2026-10-02,scheduled
University Charter,,JF Shields,,9,regular,,2026-10-23,scheduled
Talladega,14,John Carroll,16,1,regular,,2026-08-28,final
St. John Paul II,,John Carroll,,3,regular,,2026-09-11,scheduled
John Carroll,,Lee-Scott,,4,regular,,2026-09-18,scheduled
Westminster Christian,,John Carroll,,6,regular,,2026-10-02,scheduled
John Carroll,,Madison Academy,,8,regular,,2026-10-16,scheduled
Randolph,,John Carroll,,9,regular,,2026-10-23,scheduled
John Carroll,,Leeds,,10,regular,,2026-10-30,scheduled
JU Blacksher,45,Millry,12,1,regular,,2026-08-28,final
JU Blacksher,,Thomasville,,6,regular,,2026-10-02,scheduled
Monroe County,,JU Blacksher,,7,regular,,2026-10-09,scheduled
JU Blacksher,,Luverne,,8,regular,,2026-10-16,scheduled
Southern Choctaw,,JU Blacksher,,10,regular,,2026-10-30,scheduled
Keith,,University Charter,,3,regular,,2026-09-11,scheduled
Keith,,Sweet Water,,4,regular,,2026-09-18,scheduled
Keith,,Southside-Selma,,5,regular,,2026-09-25,scheduled
Linden,,Keith,,6,regular,,2026-10-02,scheduled
RC Hatch,,Keith,,8,regular,,2026-10-16,scheduled
Selma,,Keith,,10,regular,,2026-10-30,scheduled
Red Level,,Kinston,,5,regular,,2026-09-25,scheduled
Kinston,,Samson,,7,regular,,2026-10-09,scheduled
Kinston,,Pleasant Home,,9,regular,,2026-10-23,scheduled
Woodland,66,LaFayette,6,2,regular,,2026-09-04,final
Lanett,,LaFayette,,5,regular,,2026-09-25,scheduled
Notasulga,,LaFayette,,6,regular,,2026-10-02,scheduled
LaFayette,,Winterboro,,7,regular,,2026-10-09,scheduled
Loachapoka,,LaFayette,,8,regular,,2026-10-16,scheduled
LaFayette,,Wadley,,9,regular,,2026-10-23,scheduled
Midfield,,Lamar County,,4,regular,,2026-09-18,scheduled
Locust Fork,,Lamar County,,7,regular,,2026-10-09,scheduled
Southeastern,,Lamar County,,9,regular,,2026-10-23,scheduled
Lamar County,,Sulligent,,10,regular,,2026-10-30,scheduled
Lanett,12,Valley,42,1,regular,,2026-08-28,final
Ranburne,,Lanett,,3,regular,,2026-09-11,scheduled
Lanett,,Randolph County,,4,regular,,2026-09-18,scheduled
Lanett,,Reeltown,,9,regular,,2026-10-23,scheduled
Lauderdale County,,West Limestone,,4,regular,,2026-09-18,scheduled
Rogers,,Lauderdale County,,7,regular,,2026-10-09,scheduled
Lauderdale County,,Wilson,,9,regular,,2026-10-23,scheduled
Priceville,,Lawrence County,,3,regular,,2026-09-11,scheduled
Lawrence County,,West Morgan,,4,regular,,2026-09-18,scheduled
Wilson,,Lawrence County,,5,regular,,2026-09-25,scheduled
Lawrence County,,West Point,,8,regular,,2026-10-16,scheduled
Madison County,41,Lee-Huntsville,42,1,regular,,2026-08-28,final
Mae Jemison,,Lee-Huntsville,,8,regular,,2026-10-15,scheduled
Loachapoka,33,Lee-Scott,14,1,regular,,2026-08-28,final
Randolph,20,Lee-Scott,13,2,regular,,"Sep. 4, 2026",final
Lee-Scott,,Trinity,,5,regular,,2026-09-25,scheduled
Lee-Scott,,Westminster Christian,,7,regular,,2026-10-09,scheduled
Lee-Scott,,St. John Paul II,,8,regular,,2026-10-16,scheduled
Madison Academy,,Lee-Scott,,9,regular,,2026-10-23,scheduled
Leeds,13,St. Clair County,14,1,regular,,2026-08-28,final
Sylacauga,7,Leeds,57,2,regular,,"Sep. 4, 2026",final
Leeds,,Moody,,6,regular,,2026-10-02,scheduled
Lincoln,,Leeds,,9,regular,,2026-10-23,scheduled
Satsuma,0,LeFlore,38,2,regular,,"Sep. 4, 2026",final
LeFlore,,Orange Beach,,3,regular,,2026-09-11,scheduled
LeFlore,,Vigor,,6,regular,,2026-10-02,scheduled
LeFlore,,Williamson,,9,regular,,2026-10-23,scheduled
Marengo,8,Leroy,42,2,regular,,2026-09-04,final
Leroy,,Straughn,,5,regular,,2026-09-25,scheduled
Leroy,,Millry,,6,regular,,2026-10-02,scheduled
McIntosh,,Leroy,,7,regular,,2026-10-09,scheduled
Southern Choctaw,,Leroy,,8,regular,,2026-10-16,scheduled
Leroy,,Washington County,,9,regular,,2026-10-23,scheduled
Phil Campbell,18,Lexington,20,2,regular,,2026-09-04,final
Winston County,,Lexington,,7,regular,,2026-10-09,scheduled
Lexington,,Tanner,,8,regular,,2026-10-16,scheduled
Sheffield,,Lexington,,9,regular,,2026-10-23,scheduled
Rogers,,Lexington,,10,regular,,2026-10-30,scheduled
Moody,,Lincoln,,4,regular,,2026-09-18,scheduled
Lincoln,,Munford,,5,regular,,2026-09-25,scheduled
Lincoln,,Sylacauga,,6,regular,,2026-10-02,scheduled
Lincoln,,Plainview,,10,regular,,2026-10-30,scheduled
Southern Choctaw,0,Linden,12,1,regular,,2026-08-28,final
University Charter,,Linden,,7,regular,,2026-10-09,scheduled
Linden,,Sweet Water,,8,regular,,2026-10-16,scheduled
RC Hatch,,Linden,,9,regular,,2026-10-23,scheduled
Linden,,Southside-Selma,,10,regular,,2026-10-29,scheduled
Shoals Christian,0,Lindsay Lane,12,2,regular,,2026-09-04,final
Whitesburg Christian,,Lindsay Lane,,4,regular,,2026-09-18,scheduled
Lindsay Lane,,Phillips,,5,regular,,2026-09-25,scheduled
Lindsay Lane,,Westbrook Christian,,6,regular,,2026-10-02,scheduled
Mars Hill,,Lindsay Lane,,7,regular,,2026-10-09,scheduled
Winterboro,22,Loachapoka,10,2,regular,,"Sep. 4, 2026",final
Loachapoka,,Wadley,,4,regular,,2026-09-18,scheduled
Loachapoka,,Woodland,,6,regular,,2026-10-02,scheduled
Notasulga,,Loachapoka,,9,regular,,2026-10-23,scheduled
Glenwood,,Loachapoka,,10,regular,,2026-10-30,scheduled
Southeastern,,Locust Fork,,4,regular,,2026-09-18,scheduled
Midfield,,Locust Fork,,8,regular,,2026-10-16,scheduled
Locust Fork,,Susan Moore,,10,regular,,2026-10-30,scheduled
Thomasville,,Luverne,,4,regular,,2026-09-18,scheduled
Luverne,,Maplesville,,5,regular,,2026-09-25,scheduled
Luverne,,Monroe County,,6,regular,,2026-10-02,scheduled
Pickens County,44,Lynn,38,2,regular,,"Sep. 4, 2026",final
South Lamar,,Lynn,,6,regular,,2026-10-02,scheduled
Marion County,,Lynn,,7,regular,,2026-10-09,scheduled
Lynn,,Sulligent,,8,regular,,2026-10-16,scheduled
Lynn,,Winston County,,10,regular,,2026-10-29,scheduled
Madison Academy,28,West Morgan,21,1,regular,,2026-08-28,final
Madison Academy,54,St. John Paul II,7,2,regular,,"Sep. 4, 2026",final
Westminster Christian,,Madison Academy,,3,regular,,2026-09-11,scheduled
Madison Academy,,Randolph,,6,regular,,2026-10-01,scheduled
Madison County,17,Sylvania,22,2,regular,,2026-09-04,final
North Jackson,,Madison County,,4,regular,,2026-09-18,scheduled
New Hope,,Madison County,,7,regular,,2026-10-09,scheduled
Madison County,,Plainview,,8,regular,,2026-10-16,scheduled
Randolph,,Madison County,,10,regular,,2026-10-30,scheduled
Mae Jemison,,Sparkman,,5,regular,,2026-09-25,scheduled
McKenzie,22,Maplesville,50,2,regular,,2026-09-04,final
Red Level,,Maplesville,,3,regular,,2026-09-11,scheduled
Maplesville,,Verbena,,4,regular,,2026-09-18,scheduled
Marbury,,Tallassee,,3,regular,,2026-09-11,scheduled
Valley,,Marbury,,6,regular,,2026-10-02,scheduled
Marengo,30,Sumter Central,0,1,regular,,2026-08-28,final
Washington County,,Marengo,,3,regular,,2026-09-11,scheduled
Marengo,,McIntosh,,4,regular,,2026-09-18,scheduled
Wilcox Central,,Marengo,,5,regular,,2026-09-25,scheduled
Millry,,Marengo,,8,regular,,2026-10-16,scheduled
Southern Choctaw,,Marengo,,9,regular,,2026-10-23,scheduled
Sulligent,,Marion County,,3,regular,,2026-09-11,scheduled
Marion County,,Pickens County,,6,regular,,2026-10-02,scheduled
Marion County,,South Lamar,,9,regular,,2026-10-23,scheduled
Russellville,21,Mars Hill,7,1,regular,,2026-08-28,final
Westbrook Christian,35,Mars Hill,14,2,regular,,2026-09-04,final
Mars Hill,,Shoals Christian,,3,regular,,2026-09-11,scheduled
Mars Hill,,Baldwyn MS,,5,regular,,2026-09-25,scheduled
Mars Hill,,Whitesburg Christian,,6,regular,,2026-10-02,scheduled
Vigor,47,Mary Montgomery,3,1,regular,,2026-08-28,final
Mary Montgomery,28,Robertsdale,14,2,regular,,"Sep. 4, 2026",final
Theodore,,Mary Montgomery,,10,regular,,2026-10-30,scheduled
McAdory,40,Ramsay,21,1,regular,,2026-08-28,final
Northridge,37,McAdory,41,2,regular,,2026-09-04,final
McAdory,,Paul Bryant,,9,regular,,2026-10-23,scheduled
Jackson Academy MS,16,McGill-Toolen,0,1,regular,,2026-08-28,final
McGill-Toolen,34,St. Paul's,24,2,regular,,"Sep. 4, 2026",final
McGill-Toolen,,St. Michael,,3,regular,,2026-09-11,scheduled
McGill-Toolen,,Glenwood,,7,regular,,2026-10-09,scheduled
Montgomery Catholic,,McGill-Toolen,,8,regular,,2026-10-16,scheduled
McGill-Toolen,,UMS-Wright,,9,regular,,2026-10-23,scheduled
McIntosh,13,Northview FL,42,1,regular,,2026-08-28,final
Millry,,McIntosh,,3,regular,,2026-09-11,scheduled
Washington County,,McIntosh,,8,regular,,2026-10-16,scheduled
McKenzie,,Pleasant Home,,5,regular,,2026-09-25,scheduled
Red Level,,McKenzie,,7,regular,,2026-10-09,scheduled
McKenzie,,Verbena,,8,regular,,2026-10-16,scheduled
Meek,24,Winston County,16,1,regular,,2026-08-28,final
Meek,,Waterloo,,6,regular,,2026-10-02,scheduled
Meek,,Phillips,,8,regular,,2026-10-16,scheduled
Meek,,Red Bay,,9,regular,,2026-10-23,scheduled
Midfield,,Wenonah,,5,regular,,2026-09-25,scheduled
Southeastern,,Midfield,,6,regular,,2026-10-02,scheduled
Washington County,,Millry,,4,regular,,2026-09-17,scheduled
Parker,,Minor,,4,regular,,2026-09-18,scheduled
Mortimer Jordan,,Minor,,7,regular,,2026-10-09,scheduled
Paul Bryant,,Minor,,10,regular,,2026-10-30,scheduled
Presbyterian MS,31,Mobile Christian,13,1,regular,,2026-08-28,final
Mobile Christian,,Northside Methodist,,3,regular,,2026-09-11,scheduled
St. Stanislaus MS,,Mobile Christian,,5,regular,,2026-09-25,scheduled
Mobile Christian,,Providence Christian,,6,regular,,2026-10-02,scheduled
Mobile Christian,,St. Luke's,,7,regular,,2026-10-09,scheduled
Orange Beach,56,Monroe County,0,1,regular,,2026-08-28,final
Monroe County,,Thomasville,,3,regular,,2026-09-10,scheduled
Monroe County,,Northview FL,,4,regular,,2026-09-18,scheduled
Montevallo,34,Prattville Christian,35,1,regular,,2026-08-28,final
Northside,56,Montevallo,0,2,regular,,2026-09-04,final
Sipsey Valley,,Montevallo,,4,regular,,2026-09-18,scheduled
Montevallo,,Shelby County,,6,regular,,2026-10-02,scheduled
Montevallo,,Selma,,7,regular,,2026-10-09,scheduled
Talladega,,Montevallo,,10,regular,,2026-10-30,scheduled
Montgomery Catholic,26,Montgomery Academy,39,1,regular,,2026-08-28,final
Montgomery Academy,,St. James,,4,regular,,2026-09-18,scheduled
Prattville Christian,,Montgomery Academy,,6,regular,,2026-10-02,scheduled
Montgomery Academy,,Pike Liberal Arts,,7,regular,,2026-10-09,scheduled
Trinity,,Montgomery Academy,,9,regular,,2026-10-23,scheduled
Montgomery Academy,,St. Anne-Pacelli GA,,10,regular,,2026-10-30,scheduled
Montgomery Catholic,,Glenwood,,4,regular,,2026-09-18,scheduled
Montgomery Catholic,,St. Paul's,,6,regular,,2026-10-02,scheduled
UMS-Wright,,Montgomery Catholic,,7,regular,,2026-10-09,scheduled
St. Michael,,Montgomery Catholic,,9,regular,,2026-10-23,scheduled
St. Clair County,,Moody,,5,regular,,2026-09-25,scheduled
Moody,,Sylacauga,,7,regular,,2026-10-09,scheduled
Shades Valley,14,Mortimer Jordan,24,1,regular,,2026-08-28,final
Mortimer Jordan,13,Parker,42,2,regular,,2026-09-04,final
Mortimer Jordan,,Northridge,,10,regular,,2026-10-30,scheduled
UMS-Wright,13,Mountain Brook,6,1,regular,,2026-08-28,final
Mountain Brook,,Oxford,,5,regular,,2026-09-25,scheduled
Mountain Brook,,Ramsay,,6,regular,,2026-10-02,scheduled
Mountain Brook,,Pelham,,9,regular,,2026-10-23,scheduled
Munford,0,Sylacauga,38,1,regular,,2026-08-28,final
Munford,,Weaver,,3,regular,,2026-09-11,scheduled
White Plains,,Munford,,4,regular,,2026-09-18,scheduled
Talladega,,Munford,,6,regular,,2026-10-02,scheduled
Park Crossing,27,Murphy,7,1,regular,,2026-08-28,final
Spanish Fort,,Murphy,,6,regular,,2026-10-02,scheduled
Murphy,,Saraland,,7,regular,,2026-10-09,scheduled
Murphy,,Theodore,,8,regular,,2026-10-16,scheduled
Moss Point MS,,Murphy,,10,regular,,2026-10-30,scheduled
Russellville,,Muscle Shoals,,6,regular,,2026-10-02,scheduled
Slocomb,16,New Brockton,36,1,regular,,2026-08-28,final
Straughn,,New Brockton,,4,regular,,2026-09-18,scheduled
New Hope,27,West Limestone,7,1,regular,,2026-08-28,final
Plainview,56,New Hope,12,2,regular,,2026-09-04,final
North Jackson,,New Hope,,6,regular,,2026-10-02,scheduled
Sylvania,,New Hope,,8,regular,,2026-10-16,scheduled
New Hope,,Westminster Christian,,10,regular,,2026-10-30,scheduled
North Jackson,54,Pisgah,18,1,regular,,2026-08-28,final
Sylvania,,North Jackson,,3,regular,,2026-09-11,scheduled
North Jackson,,Scottsboro,,5,regular,,2026-09-25,scheduled
Plainview,,North Jackson,,9,regular,,2026-10-23,scheduled
Woodville,62,North Sand Mountain,19,1,regular,,2026-08-28,final
North Sand Mountain,39,Pisgah,54,2,regular,,2026-09-04,final
Walter Wellborn,,North Sand Mountain,,5,regular,,2026-09-25,scheduled
North Sand Mountain,,Sand Rock,,6,regular,,2026-10-02,scheduled
Section,,North Sand Mountain,,8,regular,,2026-10-16,scheduled
Paul Bryant,,Northridge,,6,regular,,2026-10-02,scheduled
Sipsey Valley,,Northside,,7,regular,,2026-10-09,scheduled
Northside,,Shelby County,,8,regular,,2026-10-16,scheduled
Northside,,Selma,,9,regular,,2026-10-23,scheduled
Northside Methodist,18,Providence Christian,48,2,regular,,"Sep. 4, 2026",final
Northside Methodist,,St. Luke's,,6,regular,,2026-10-01,scheduled
Wadley,28,Notasulga,0,2,regular,,2026-09-04,final
Notasulga,,Woodland,,3,regular,,2026-09-11,scheduled
Winterboro,,Notasulga,,8,regular,,2026-10-16,scheduled
Notasulga,,Prattville Christian,,10,regular,,2026-10-29,scheduled
Oak Grove,50,Winfield,58,1,regular,,2026-08-28,final
Oak Grove,,Woodlawn,,3,regular,,2026-09-11,scheduled
Shelby County,,Oak Grove,,5,regular,,2026-09-25,scheduled
Oak Grove,,Wenonah,,7,regular,,2026-10-09,scheduled
Shades Valley,,Oak Grove,,9,regular,,2026-10-23,scheduled
Spain Park,42,Oak Mountain,21,2,regular,,2026-09-04,final
Vestavia Hills,,Oak Mountain,,3,regular,,2026-09-11,scheduled
Prattville,,Oak Mountain,,7,regular,,2026-10-09,scheduled
Tuscaloosa County,,Oak Mountain,,8,regular,,2026-10-16,scheduled
Oak Mountain,,Thompson,,9,regular,,2026-10-23,scheduled
Oakman,,Winfield,,9,regular,,2026-10-23,scheduled
Weaver,,Ohatchee,,1,regular,,2026-08-28,scheduled
Piedmont,52,Ohatchee,6,2,regular,,2026-09-04,final
Ohatchee,,Saks,,3,regular,,2026-09-11,scheduled
Vincent,,Ohatchee,,4,regular,,2026-09-18,scheduled
Ohatchee,,Walter Wellborn,,6,regular,,2026-10-02,scheduled
Pleasant Valley,,Ohatchee,,7,regular,,2026-10-09,scheduled
Ohatchee,,West End,,8,regular,,2026-10-16,scheduled
Oneonta,,Vinemont,,3,regular,,2026-09-11,scheduled
Westbrook Christian,,Oneonta,,5,regular,,2026-09-25,scheduled
Susan Moore,,Oneonta,,7,regular,,2026-10-09,scheduled
Opelika,,Smiths Station,,8,regular,,2026-10-16,scheduled
Prattville,,Opelika,,10,regular,,2026-10-29,scheduled
TR Miller,,Opp,,4,regular,,2026-09-18,scheduled
Wilcox Central,,Opp,,6,regular,,2026-10-02,scheduled
Opp,,WS Neal,,8,regular,,2026-10-16,scheduled
Opp,,Straughn,,10,regular,,2026-10-29,scheduled
Orange Beach,21,Vigor,19,2,regular,,2026-09-04,final
Orange Beach,,Pacelli GA,,5,regular,,2026-09-25,scheduled
Williamson,,Orange Beach,,6,regular,,2026-10-02,scheduled
Orange Beach,,Satsuma,,7,regular,,2026-10-08,scheduled
St. Clair County,21,Oxford,28,2,regular,,"Sep. 4, 2026",final
Oxford,,Pell City,,3,regular,,2026-09-11,scheduled
Springville,,Oxford,,7,regular,,2026-10-09,scheduled
Oxford,,Southside-Gadsden,,8,regular,,2026-10-16,scheduled
Oxford,,Pinson Valley,,9,regular,,2026-10-23,scheduled
Pike Road,,Park Crossing,,3,regular,,2026-09-11,scheduled
Park Crossing,,Rehobeth,,4,regular,,2026-09-18,scheduled
Percy Julian,,Park Crossing,,6,regular,,2026-10-02,scheduled
Wetumpka,,Park Crossing,,7,regular,,2026-10-09,scheduled
Park Crossing,,Stanhope Elmore,,8,regular,,2026-10-16,scheduled
Russell County,,Park Crossing,,9,regular,,2026-10-23,scheduled
Park Crossing,,Robertsdale,,10,regular,,2026-10-30,scheduled
Paul Bryant,46,Woodlawn,0,1,regular,,2026-08-28,final
Pelham,45,Wenonah,34,1,regular,,2026-08-28,final
Ramsay,,Pelham,,7,regular,,2026-10-09,scheduled
Pelham,,Pinson Valley,,10,regular,,2026-10-29,scheduled
Pinson Valley,24,Pell City,43,2,regular,,2026-09-04,final
Pell City,,St. Clair County,,4,regular,,2026-09-18,scheduled
Pell City,,Saraland,,5,regular,,2026-09-25,scheduled
Pell City,,Southside-Gadsden,,7,regular,,2026-10-09,scheduled
Pell City,,Springville,,9,regular,,2026-10-23,scheduled
Percy Julian,25,Smiths Station,21,1,regular,,2026-08-27,final
Pike Road,40,Percy Julian,6,2,regular,,"Sep. 4, 2026",final
Rehobeth,,Percy Julian,,3,regular,,2026-09-11,scheduled
Wetumpka,,Percy Julian,,4,regular,,2026-09-18,scheduled
Percy Julian,,Stanhope Elmore,,7,regular,,2026-10-09,scheduled
Percy Julian,,Russell County,,8,regular,,2026-10-16,scheduled
Winston County,,Phil Campbell,,6,regular,,2026-10-02,scheduled
Phil Campbell,,Tanner,,7,regular,,2026-10-09,scheduled
Phil Campbell,,Sheffield,,8,regular,,2026-10-16,scheduled
Phillips,42,Vina,14,1,regular,,2026-08-28,final
Red Bay,54,Phillips,0,2,regular,,"Sep. 4, 2026",final
Waterloo,,Phillips,,4,regular,,2026-09-18,scheduled
Pickens County,0,Pickens Academy,28,1,regular,,2026-08-27,final
Tuscaloosa Academy,,Pickens Academy,,4,regular,,2026-09-17,scheduled
Victory Christian,,Pickens Academy,,7,regular,,2026-10-09,scheduled
Pickens County,,South Lamar,,4,regular,,2026-09-18,scheduled
Pickens County,,Sulligent,,7,regular,,2026-10-09,scheduled
West End,,Piedmont,,3,regular,,2026-09-11,scheduled
Pleasant Valley,,Piedmont,,6,regular,,2026-10-02,scheduled
Piedmont,,Saks,,7,regular,,2026-10-09,scheduled
Vincent,,Piedmont,,8,regular,,2026-10-16,scheduled
Walter Wellborn,,Piedmont,,9,regular,,2026-10-23,scheduled
Pike County,,Slocomb,,4,regular,,2026-09-18,scheduled
Wicksburg,,Pike County,,9,regular,,2026-10-23,scheduled
Pike Liberal Arts,14,St. James,42,2,regular,,2026-09-04,final
Prattville Christian,,Pike Liberal Arts,,3,regular,,2026-09-11,scheduled
Pike Liberal Arts,,Trinity,,8,regular,,2026-10-16,scheduled
Samson,,Pike Liberal Arts,,10,regular,,2026-10-30,scheduled
Stanhope Elmore,,Pike Road,,4,regular,,2026-09-18,scheduled
Pike Road,,Russell County,,6,regular,,2026-10-02,scheduled
Pike Road,,Wetumpka,,8,regular,,2026-10-16,scheduled
Rehobeth,,Pike Road,,9,regular,,2026-10-23,scheduled
Pleasant Grove,42,Pinson Valley,20,1,regular,,2026-08-27,final
Pinson Valley,,Southside-Gadsden,,4,regular,,2026-09-18,scheduled
Ramsay,,Pinson Valley,,5,regular,,2026-09-25,scheduled
Pinson Valley,,St. Clair County,,6,regular,,2026-10-02,scheduled
Pinson Valley,,Springville,,8,regular,,2026-10-16,scheduled
Pisgah,,Section,,4,regular,,2026-09-18,scheduled
Pisgah,,Sand Rock,,8,regular,,2026-10-16,scheduled
Pisgah,,Sylvania,,10,regular,,2026-10-30,scheduled
Plainview,,Sylvania,,7,regular,,2026-10-09,scheduled
Pleasant Grove,,Tarrant,,4,regular,,2026-09-18,scheduled
West Blocton,,Pleasant Grove,,6,regular,,2026-10-02,scheduled
Samson,26,Pleasant Home,12,2,regular,,2026-09-04,final
Pleasant Home,,Zion Chapel,,10,regular,,2026-10-30,scheduled
Vincent,14,Pleasant Valley,34,2,regular,,"Sep. 4, 2026",final
Pleasant Valley,,Walter Wellborn,,4,regular,,2026-09-18,scheduled
Pleasant Valley,,Spring Garden,,5,regular,,2026-09-25,scheduled
Saks,,Pleasant Valley,,8,regular,,2026-10-16,scheduled
West End,,Pleasant Valley,,9,regular,,2026-10-23,scheduled
Stanhope Elmore,14,Prattville,68,1,regular,,2026-08-28,final
Prattville,62,Tuscaloosa County,0,2,regular,,2026-09-04,final
Prattville,,Spain Park,,6,regular,,2026-10-02,scheduled
Thompson,,Prattville,,8,regular,,2026-10-16,scheduled
Prattville,,Vestavia Hills,,9,regular,,2026-10-23,scheduled
Trinity,49,Prattville Christian,0,2,regular,,"Sep. 4, 2026",final
Thorsby,,Prattville Christian,,5,regular,,2026-09-24,scheduled
Prattville Christian,,St. James,,7,regular,,2026-10-09,scheduled
Springville,16,Priceville,39,1,regular,,2026-08-28,final
West Point,28,Priceville,47,2,regular,,2026-09-04,final
West Morgan,,Priceville,,7,regular,,2026-10-09,scheduled
Providence Christian,,Wicksburg,,5,regular,,2026-09-25,scheduled
St. Luke's,,Providence Christian,,9,regular,,2026-10-23,scheduled
Pleasant Valley,,Ragland,,1,regular,,2026-08-28,scheduled
Ragland,,Valley Head,,3,regular,,2026-09-11,scheduled
Ragland,,Spring Garden,,4,regular,,2026-09-18,scheduled
Ragland,,Southeastern,,5,regular,,2026-09-25,scheduled
Woodville,,Ragland,,6,regular,,2026-10-02,scheduled
Ranburne,12,Wadley,7,1,regular,,2026-08-28,final
Woodland,,Ranburne,,5,regular,,2026-09-25,scheduled
Reeltown,,Ranburne,,6,regular,,2026-10-02,scheduled
Ranburne,,Randolph County,,7,regular,,2026-10-09,scheduled
Spring Garden,,Ranburne,,10,regular,,2026-10-30,scheduled
Whitesburg Christian,32,Randolph,63,1,regular,,2026-08-28,final
Randolph,,Westminster Christian,,4,regular,,2026-09-18,scheduled
Randolph,,St. John Paul II,,7,regular,,2026-10-09,scheduled
Randolph County,36,Saks,0,1,regular,,2026-08-28,final
Reeltown,,Randolph County,,8,regular,,2026-10-16,scheduled
Randolph County,,Winterboro,,10,regular,,2026-10-30,scheduled
Satsuma,58,RC Hatch,0,1,regular,,2026-08-28,final
RC Hatch,,University Charter,,6,regular,,2026-10-02,scheduled
Sweet Water,,RC Hatch,,7,regular,,2026-10-09,scheduled
Red Bay,34,Sheffield,14,1,regular,,2026-08-28,final
Belmont MS,,Red Bay,,5,regular,,2026-09-25,scheduled
Waterloo,,Red Bay,,7,regular,,2026-10-08,scheduled
Verbena,,Red Level,,9,regular,,2026-10-23,scheduled
Trinity,0,Reeltown,21,1,regular,,2026-08-28,final
Marianna FL,21,Rehobeth,18,1,regular,,2026-08-28,final
Wetumpka,32,Rehobeth,6,2,regular,,2026-09-04,final
Rehobeth,,Stanhope Elmore,,6,regular,,2026-10-02,scheduled
Russell County,,Rehobeth,,7,regular,,2026-10-09,scheduled
St. John Paul II,24,Rogers,56,1,regular,,2026-08-27,final
Rogers,,Whitesburg Christian,,5,regular,,2026-09-25,scheduled
West Limestone,,Rogers,,6,regular,,2026-10-02,scheduled
Wilson,,Rogers,,8,regular,,2026-10-16,scheduled
Stanhope Elmore,30,Russell County,44,2,regular,,2026-09-04,final
Wetumpka,,Russell County,,3,regular,,2026-09-11,scheduled
Russell County,,Valley,,5,regular,,2026-09-25,scheduled
Walter Wellborn,47,Saks,0,2,regular,,2026-09-04,final
Saks,,West End,,4,regular,,2026-09-18,scheduled
Saks,,Weaver,,5,regular,,2026-09-25,scheduled
Saks,,Vincent,,9,regular,,2026-10-23,scheduled
Samson,,Northside Methodist,,5,regular,,2026-09-25,scheduled
Spring Garden,16,Sand Rock,19,1,regular,,2026-08-28,final
Sand Rock,,Section,,3,regular,,2026-09-11,scheduled
Sand Rock,,Valley Head,,5,regular,,2026-09-25,scheduled
Saraland,,Theodore,,3,regular,,2026-09-11,scheduled
Spanish Fort,,Saraland,,9,regular,,2026-10-23,scheduled
West End,,Sardis,,5,regular,,2026-09-25,scheduled
Sardis,,Scottsboro,,9,regular,,2026-10-23,scheduled
Satsuma,,Williamson,,4,regular,,2026-09-18,scheduled
Washington County,,Satsuma,,5,regular,,2026-09-25,scheduled
Vigor,,Satsuma,,9,regular,,2026-10-23,scheduled
Section,32,Valley Head,20,1,regular,,2026-08-28,final
Section,,Woodville,,10,regular,,2026-10-30,scheduled
Southside-Selma,0,Selma,58,1,regular,,2026-08-27,final
Sipsey Valley,,Selma,,3,regular,,2026-09-11,scheduled
Selma,,Shelby County,,4,regular,,2026-09-18,scheduled
Woodlawn,,Shades Valley,,4,regular,,2026-09-18,scheduled
Wenonah,,Shades Valley,,8,regular,,2026-10-15,scheduled
Winston County,,Sheffield,,4,regular,,2026-09-18,scheduled
Tanner,,Sheffield,,6,regular,,2026-10-02,scheduled
Shelby County,27,Sipsey Valley,49,2,regular,,"Sep. 4, 2026",final
Vina,,Shoals Christian,,4,regular,,2026-09-18,scheduled
Whitesburg Christian,,Shoals Christian,,7,regular,,2026-10-09,scheduled
Shoals Christian,,Westbrook Christian,,8,regular,,2026-10-16,scheduled
Sipsey Valley,,West Blocton,,10,regular,,2026-10-30,scheduled
Slocomb,,Wicksburg,,3,regular,,2026-09-11,scheduled
Smiths Station,,Wetumpka,,5,regular,,2026-09-25,scheduled
Sulligent,36,South Lamar,33,2,regular,,"Sep. 4, 2026",final
Southeastern,,Susan Moore,,1,regular,,2026-08-28,scheduled
Southern Choctaw,,Washington County,,2,regular,,"Sep. 4, 2026",scheduled
Southern Choctaw,,Millry,,6,regular,,2026-10-02,scheduled
Southern Choctaw,,McIntosh,,7,regular,,2026-10-09,scheduled
Southside-Gadsden,,Springville,,6,regular,,2026-10-02,scheduled
Southside-Gadsden,,St. Clair County,,9,regular,,2026-10-23,scheduled
Southside-Selma,,Sumter Central,,6,regular,,2026-10-02,scheduled
Thorsby,,Southside-Selma,,8,regular,,2026-10-16,scheduled
Spain Park,,Thompson,,3,regular,,2026-09-11,scheduled
Vestavia Hills,,Spain Park,,4,regular,,2026-09-18,scheduled
Spain Park,,Tuscaloosa County,,7,regular,,2026-10-08,scheduled
Theodore,,Spanish Fort,,7,regular,,2026-10-09,scheduled
St. Paul's,,Spanish Fort,,10,regular,,2026-10-30,scheduled
Valley Head,,Spring Garden,,7,regular,,2026-10-09,scheduled
Woodville,,Spring Garden,,9,regular,,2026-10-23,scheduled
St. Clair County,,Springville,,3,regular,,2026-09-11,scheduled
St. Clair County,,Central-Clay County,,10,regular,,2026-10-30,scheduled
Lamar MS,,St. James,,5,regular,,2026-09-25,scheduled
St. James,,Trinity,,6,regular,,2026-10-02,scheduled
St. James,,Sylacauga,,10,regular,,2026-10-30,scheduled
St. John Paul II,,Westminster Christian,,9,regular,,2026-10-23,scheduled
St. Michael,13,UMS-Wright,17,2,regular,,"Sep. 4, 2026",final
St. Paul's,,St. Michael,,4,regular,,2026-09-18,scheduled
Glenwood,,St. Michael,,8,regular,,2026-10-16,scheduled
Glenwood,,St. Paul's,,3,regular,,2026-09-11,scheduled
St. Paul's,,UMS-Wright,,8,regular,,2026-10-16,scheduled
Stanhope Elmore,,Wetumpka,,9,regular,,2026-10-23,scheduled
Straughn,7,TR Miller,14,1,regular,,2026-08-28,final
Thorsby,,Sumter Central,,3,regular,,2026-09-11,scheduled
Vinemont,,Susan Moore,,9,regular,,2026-10-23,scheduled
Thomasville,34,Sweet Water,6,1,regular,,2026-08-28,final
University Charter,54,Sweet Water,6,2,regular,,2026-09-04,final
Talladega,,Weaver,,7,regular,,2026-10-09,scheduled
Talladega,,White Plains,,8,regular,,2026-10-16,scheduled
Tallassee,16,Wetumpka,42,1,regular,,2026-08-28,final
Valley,,Tallassee,,8,regular,,2026-10-16,scheduled
Tanner,,Winston County,,3,regular,,2026-09-11,scheduled
Tarrant,6,West Blocton,35,2,regular,,2026-09-04,final
Vincent,,Tarrant,,10,regular,,2026-10-29,scheduled
Thompson,49,Vestavia Hills,0,2,regular,,2026-09-04,final
Thompson,,Tuscaloosa County,,4,regular,,2026-09-18,scheduled
Thompson,,Choctawhatchee FL,,10,regular,,2026-10-29,scheduled
Wilcox Central,,TR Miller,,9,regular,,2026-10-23,scheduled
TR Miller,,WS Neal,,10,regular,,2026-10-30,scheduled
Westbrook Christian,,Trinity,,7,regular,,2026-10-09,scheduled
Tuscaloosa Academy,49,Victory Christian,21,2,regular,,"Sep. 4, 2026",final
Tuscaloosa County,,Vestavia Hills,,6,regular,,2026-10-02,scheduled
Glenwood,,UMS-Wright,,6,regular,,2026-10-02,scheduled
Valley Head,,Woodville,,8,regular,,2026-10-16,scheduled
Verbena,22,Zion Chapel,15,1,regular,,2026-08-28,final
Verbena,,Victory Christian,,5,regular,,2026-09-25,scheduled
Williamson,,Vigor,,8,regular,,2026-10-16,scheduled
Walter Wellborn,,Vincent,,3,regular,,2026-09-11,scheduled
West End,,Vincent,,6,regular,,2026-10-02,scheduled
Wadley,,Winterboro,,3,regular,,2026-09-11,scheduled
Wadley,,Woodland,,7,regular,,2026-10-09,scheduled
Woodland,13,Walter Wellborn,53,1,regular,,2026-08-28,final
Walter Wellborn,,West End,,7,regular,,2026-10-09,scheduled
Waterloo,,Vina,,10,regular,,2026-10-30,scheduled
Weaver,,White Plains,,6,regular,,2026-10-02,scheduled
Woodlawn,0,Wenonah,48,2,regular,,2026-09-04,final
Wilson,,West Limestone,,7,regular,,2026-10-08,scheduled
West Limestone,,Whitesburg Christian,,10,regular,,2026-10-30,scheduled
West Morgan,,West Point,,3,regular,,2026-09-11,scheduled
Westbrook Christian,,Whitesburg Christian,,9,regular,,2026-10-23,scheduled
Wilcox Central,,WS Neal,,7,regular,,2026-10-09,scheduled
Ellwood Christian,,Wilcox Central,,10,regular,,2026-10-30,scheduled
Pine Forest FL,,Williamson,,3,regular,,2026-09-10,scheduled
Woodland,,Winterboro,,4,regular,,2026-09-18,scheduled
Thomasville,,WS Neal,,2,regular,,2026-09-04,scheduled
Alabama Christian,30,Oak Grove,41,0,regular,,2026-08-21,final
Anniston,,Alexandria,,7,regular,,2026-10-09,scheduled
Snook Christian,,Bayshore Christian,,6,regular,,2026-10-02,scheduled
Bayside Academy,,Snook Christian,,9,regular,,2026-10-22,scheduled
BB Comer,6,Vincent,21,1,regular,,2026-08-28,final
Reeltown,49,BB Comer,0,2,regular,,2026-09-04,final
BB Comer,,Dadeville,,3,regular,,2026-09-11,scheduled
Central-Coosa,,BB Comer,,4,regular,,2026-09-18,scheduled
BB Comer,,Fayetteville,,5,regular,,2026-09-25,scheduled
BB Comer,,Lanett,,6,regular,,2026-10-02,scheduled
Horseshoe Bend,,BB Comer,,7,regular,,2026-10-09,scheduled
BB Comer,,Ranburne,,8,regular,,2026-10-16,scheduled
Randolph County,,BB Comer,,9,regular,,2026-10-23,scheduled
Cottage Hill Christian,,Snook Christian,,3,regular,,2026-09-11,scheduled
Fairfield,,Carver-Birmingham,,8,regular,,2026-10-16,scheduled
Georgiana,0,Alabama Christian,41,1,regular,,2026-08-28,final
Grissom,,North Jackson,,10,regular,,2026-10-30,scheduled
Handley,60,Weaver,0,2,regular,,2026-09-03,final
Beauregard,,Handley,,5,regular,,2026-09-25,scheduled
Huntsville,,Buckhorn,,3,regular,,2026-09-11,scheduled
Jackson-Olin,,Jasper,,4,regular,,2026-09-18,scheduled
JAG,,Carver-Montgomery,,6,regular,,2026-10-02,scheduled
LaFayette,,Central-Coosa,,10,regular,,2026-10-30,scheduled
Lauderdale County,,Ardmore,,10,regular,,2026-10-30,scheduled
Fruitdale,,Leroy,,3,regular,,2026-09-11,scheduled
Southern Choctaw,,McIntosh,,6,regular,,2026-10-02,scheduled
Millry,,Leroy,,6,regular,,2026-10-02,scheduled
Southern Choctaw,,Millry,,7,regular,,2026-10-09,scheduled
Mobile Christian,,Snook Christian,,4,regular,,2026-09-18,scheduled
Northside Methodist,,Snook Christian,,7,regular,,2026-10-08,scheduled
Ohatchee,39,Weaver,10,1,regular,,2026-08-28,final
Minor,,Paul Bryant,,10,regular,,2026-10-30,scheduled
Pleasant Home,8,Red Level,3,1,regular,,2026-08-28,final
Ragland,14,Pleasant Valley,56,1,regular,,2026-08-28,final
Snook Christian,,Providence Christian,,8,regular,,2026-10-16,scheduled
Sardis,,Hayden,,8,regular,,2026-10-16,scheduled
Sardis,,Brewer,,10,regular,,2026-10-30,scheduled
Christian Collegiate MS,6,Snook Christian,23,0,regular,,2026-08-21,final
Snook Christian,14,St. Luke's,42,2,regular,,2026-09-04,final
Leroy,,Southern Choctaw,,8,regular,,2026-10-16,scheduled
Southside-Gadsden,,Clay-Chalkville,,3,regular,,2026-09-11,scheduled
Huntsville,,Sparkman,,4,regular,,2026-09-18,scheduled
Sylacauga,,Moody,,7,regular,,2026-10-09,scheduled
WS Neal,12,Thomasville,27,2,regular,,2026-09-04,final
West Point,7,Cleburne County,49,1,regular,,2026-08-28,final
Jackson,,WS Neal,,6,regular,,2026-10-02,scheduled
WS Neal,,Opp,,8,regular,,2026-10-16,scheduled
Belgreen,,Vardaman MS,,5,regular,,2026-09-25,scheduled
Lexington,46,Clements,7,1,regular,,2026-08-28,final
Prattville Christian,62,Tuscaloosa County,0,2,regular,,"Sep. 4, 2026",final
